First Name,Password,E-mail,University,Module1,Module2,Module3,Module4,Module5,Module6,Role,Slogan,Total Marks,Company Name,at1,at2,at3,at4,at5,at6,atTotal
Muneeb,1122,dev.muneeb@hotmail.com,Brunel University London,46,81,100,86,85,87,Student ,They'll bow in some time,80.83,Tesla,72,41,66,91,93,79,73.67
Leonid,m4128,lheinig1@creativecommons.org,Cyberjaya University College of Medical Science,79,77,60,60,69,85,Accountant II,embrace 24/7 schemas,71.67,Lakin Group,79,48,45,90,83,73,69.67
Bryon,w7992t,bhamflett2@wordpress.org,University of Tennessee - Memphis,74,48,80,57,93,45,Registered Nurse,generate cutting-edge deliverables,66.17,Wisozk-Ankunding,80,56,95,63,40,65,66.5
Elisabetta,y6699B,ecodman3@chron.com,Université Nancy II,100,52,89,52,75,74,Physical Therapy Assistant,implement holistic markets,73.67,Lueilwitz Group,79,57,68,45,83,80,68.67
Ardelia,s0919KS,arose4@goo.gl,Old Dominion University,87,96,85,95,81,55,Accountant II,expedite customized e-business,83.17,Christiansen LLC,83,54,48,75,49,58,61.17
Rici,z1916o,rwellstood5@oaic.gov.au,State University of New York College of Technology at Farmingdale,57,100,80,55,69,75,Speech Pathologist,optimize sexy experiences,72.67,"Mueller, Robel and Haag",93,91,50,49,72,75,71.67
Reggy,"x7231\,|",rjarley6@gnu.org,Soongsil University,46,100,45,70,58,79,Registered Nurse,generate robust infrastructures,66.33,Walter-Goyette,42,46,71,70,73,71,62.17
Danila,z8887,dbrazur7@uiuc.edu,Wesley University of Science and Technology,82,61,50,91,63,40,Librarian,monetize extensible e-markets,64.5,"Brown, Batz and Will",75,84,68,53,61,100,73.5
Cole,l9150,cstapley8@sourceforge.net,Columbia College,76,100,56,52,80,46,Senior Financial Analyst,disintermediate collaborative synergies,68.33,"Swift, Jerde and Feest",50,53,54,91,99,74,70.17
Jeffrey,v4630u,jtiuit9@twitpic.com,Alain University of Science and Technology,97,42,92,65,71,66,Senior Developer,maximize back-end partnerships,72.17,Schiller and Sons,41,92,92,40,52,73,65
Marcie,y8408,mdemeridaa@gravatar.com,Cheju National University of Education,42,93,61,47,49,75,Actuary,whiteboard robust architectures,61.17,Littel Inc,89,60,97,75,41,83,74.17
Stinky,x7667E,sgennerb@ifeng.com,Iwaki Meisei University,68,75,79,52,45,88,Account Representative II,unleash rich channels,67.83,"Breitenberg, Gulgowski and Swift",51,95,96,73,59,41,69.17
Kenneth,o5490,kphillipc@bbb.org,Indian School of Business Management and Administration,68,76,80,81,79,94,Software Test Engineer I,architect innovative channels,79.67,Gusikowski-Waters,68,76,93,84,73,97,81.83
Elijah,x5999,emaffeyd@usgs.gov,Athlone Institute of Technology,88,58,41,59,79,87,Paralegal,iterate e-business platforms,68.67,Bechtelar LLC,50,70,42,68,49,88,61.17
Sax,n4700p0,srosebye@narod.ru,University of Lethbridge,95,48,92,55,88,61,Editor,revolutionize innovative mindshare,73.17,Krajcik-Heathcote,97,51,61,92,51,74,71
Corena,r6699|c),ckitherf@youku.com,Universidad San Francisco Xavier,68,78,69,74,76,53,Senior Editor,scale synergistic e-services,69.67,"Bins, Harvey and Prohaska",64,100,81,85,81,82,82.17
Dorelle,i3866,dgummg@upenn.edu,University Marien Ngouabi Brazzaville,87,49,76,67,72,65,Systems Administrator II,architect user-centric technologies,69.33,"Bauch, Gusikowski and Sanford",69,40,56,84,92,88,71.5
Dunc,j69771|1,dmenichih@census.gov,Universidad del Magdalena,64,62,89,42,82,74,Mechanical Systems Engineer,innovate e-business action-items,68.83,"Tromp, Watsica and Walsh",53,75,66,58,42,60,59
Rebekah,y4049,rwoollami@hostgator.com,St. Petersburg State University of Telecommunication,71,42,66,61,59,91,VP Sales,synthesize seamless solutions,65,"Pouros, Lehner and Schroeder",88,98,81,82,51,95,82.5
Cobb,g3869,ccresseyj@etsy.com,Charles Sturt University,49,90,74,74,43,87,Nuclear Power Engineer,brand extensible partnerships,69.5,"DuBuque, Smith and Leffler",87,92,85,59,65,63,75.17
Ruthy,y7516W}D,rtinerk@bloglines.com,Universidade Federal de Mato Grosso do Sul,76,85,41,45,96,45,GIS Technical Architect,orchestrate next-generation infomediaries,64.67,Boyer Inc,63,83,51,79,41,64,63.5
Zacharias,e2545,zbowsherl@booking.com,Rockhurst College,91,89,76,90,71,85,Sales Representative,synthesize virtual initiatives,83.67,Rutherford-Nicolas,99,49,41,71,48,54,60.33
Rhianon,t3201,rmolfinom@soup.io,Sri Lanka Institute of Advanced Technical Education,51,60,93,96,76,78,Programmer II,recontextualize compelling infrastructures,75.67,Langosh-Jacobi,98,67,44,86,40,47,63.67
Mauricio,p0024u05,mlongcastern@webnode.com,Tokai Women's College,99,55,90,47,93,44,Human Resources Manager,integrate real-time functionalities,71.33,"Hermiston, Flatley and Schulist",42,98,92,72,64,44,68.67
Margaretta,e2392w~b,moguso@cafepress.com,Bauman Moscow State Technical University,85,83,40,86,57,50,Recruiting Manager,implement robust web services,66.83,"Graham, Bauch and Adams",40,68,63,62,86,95,69
Errol,u6359#W,eblowingp@foxnews.com,Perdana University,43,66,73,70,75,97,Web Designer II,envisioneer viral synergies,70.67,Shields-Lakin,43,92,76,91,45,62,68.17
Britta,t7854pv=,brebbeckq@opera.com,St. Petersburg Institute of Arts and Restoration,86,92,95,77,64,47,Structural Engineer,architect innovative action-items,76.83,Ruecker and Sons,57,95,97,67,61,67,74
Friedrick,c6879,fizakovr@paypal.com,Universität Erfurt,54,70,77,53,63,79,Environmental Specialist,reintermediate impactful web-readiness,66,Heidenreich Group,68,92,57,70,55,86,71.33
Burnaby,i6633,btookills@cbsnews.com,Osaka University of Commerce,51,92,71,62,69,90,GIS Technical Architect,utilize viral action-items,72.5,Upton and Sons,80,49,83,87,55,47,66.83
Desiree,y8231zX,djentont@xrea.com,Gandhara Institute of Medical Sciences,57,77,62,47,70,76,Mechanical Systems Engineer,harness mission-critical channels,64.83,Luettgen-Green,90,87,95,92,80,48,82
Toby,x6870ZLg,ttremlettu@cargocollective.com,University of North Carolina at Charlotte,61,77,100,63,54,48,Database Administrator II,enhance dot-com vortals,67.17,"Yost, Collier and Herzog",58,40,73,51,44,98,60.67
Tony,a4819@,tslymev@google.com.au,Hamamatsu University School of Medicine,61,44,84,45,71,53,Technical Writer,e-enable visionary systems,59.67,Hirthe-Cole,49,80,40,46,95,87,66.17
Rich,s0964,rbrailsfordw@cbc.ca,Ecole Supérieure de Commerce de Clermont-Ferrand,60,58,47,44,93,96,Marketing Assistant,recontextualize distributed models,66.33,"Stracke, Walsh and Kilback",45,86,64,62,45,67,61.5
Jade,x8524},jluchellix@yandex.ru,John Wesley College,78,87,81,82,82,78,VP Accounting,monetize robust e-tailers,81.33,Stark Group,99,50,87,85,86,58,77.5
Normie,f4779o,nlaleveey@addthis.com,Auchi Polytechnic,52,97,41,79,94,48,Recruiter,streamline e-business portals,68.5,Kuhlman-Hagenes,74,56,98,64,73,69,72.33
Manda,a10686,mbrimacombez@github.io,University of Texas at Tyler,75,67,76,70,63,40,Marketing Manager,optimize out-of-the-box vortals,65.17,Howe-Zboncak,86,70,42,99,43,61,66.83
Emyle,r22564,eceney10@comsenz.com,Valdosta State University,95,48,68,51,46,98,Paralegal,embrace web-enabled web services,67.67,"Wuckert, Kris and Grant",92,42,80,75,61,77,71.17
Agretha,f3551tT8,acrittal11@yahoo.com,University of the West Indies St. Augustine,99,62,100,99,93,95,Technical Writer,drive clicks-and-mortar interfaces,91.33,"Nienow, Lindgren and Wilkinson",46,77,68,65,49,90,65.83
Kristan,g1028,kmingaud12@latimes.com,Our Lady of Fatima University,52,43,67,53,43,94,Human Resources Manager,productize innovative communities,58.67,"Mitchell, Von and Boyer",87,53,78,77,79,86,76.67
Brynna,q2866,bmaunton13@skype.com,Kansas State University,98,65,92,56,61,97,Office Assistant II,synthesize enterprise eyeballs,78.17,Rippin-Oberbrunner,98,85,46,55,45,89,69.67
Jesus,t9083,jennion14@weibo.com,Facultés Universitaires Saint-Louis,62,85,79,77,68,62,Chief Design Engineer,matrix 24/7 web services,72.17,"Crona, Langosh and Cartwright",44,61,64,42,45,95,58.5
Ethe,u1666,ecahani15@indiegogo.com,Universidad Femenina del Sagrado Corazón,97,55,51,84,57,94,Accountant II,harness dot-com methodologies,73,"Robel, Quitzon and Schulist",76,68,86,58,88,92,78
Beverly,a3344,babelevitz16@cmu.edu,Divine Word College,94,48,95,98,45,83,Automation Specialist I,evolve best-of-breed e-business,77.17,"Stiedemann, Hermann and Windler",94,61,78,90,100,40,77.17
Louella,g3607,lshelf17@amazon.co.uk,International University,48,71,43,52,52,76,Web Designer II,reinvent bricks-and-clicks experiences,57,Conn-Collier,54,85,52,77,47,62,62.83
Felicdad,g0014hO,fjansens18@nymag.com,Nagoya Economics University,58,84,42,70,45,55,Staff Scientist,generate e-business experiences,59,Waelchi Group,81,60,65,57,75,81,69.83
Hillard,i1642,hshelvey19@amazon.de,Université Robert Schuman (Strasbourg III),97,69,75,42,66,62,Electrical Engineer,integrate holistic applications,68.5,Murazik-Trantow,85,90,83,59,97,79,82.17
Emmalynn,d4123,eickovits1a@devhub.com,Antioch University Santa Barbara,72,86,72,90,65,98,Mechanical Systems Engineer,matrix dot-com convergence,80.5,Fisher LLC,97,43,91,49,95,94,78.17
Ethelin,w09954lz,eblasetti1b@digg.com,Chongju National University of Education,88,74,87,68,80,76,Registered Nurse,maximize extensible architectures,78.83,Bednar-Lemke,98,84,45,79,100,97,83.83
Ermin,u4661O#E,eshuttlewood1c@github.io,Government College University Lahore,43,66,91,70,74,86,Data Coordinator,reinvent vertical communities,71.67,Quigley and Sons,79,89,67,42,98,90,77.5
Miguelita,"g3754""FZ",mjenicek1d@gizmodo.com,Kirkwood Community College,56,70,92,52,53,75,Nuclear Power Engineer,incentivize cross-media applications,66.33,Dare and Sons,60,63,55,85,69,50,63.67
Martita,h4923.,mmeeson1e@cbsnews.com,Medical Academy in Lodz,92,51,58,69,46,59,Dental Hygienist,visualize visionary partnerships,62.5,"Feest, Weimann and Blanda",50,52,81,46,100,62,65.17
Carlin,p9503,cpantridge1f@europa.eu,Universidad Piloto de Colombia,90,43,76,84,72,74,Registered Nurse,cultivate sexy architectures,73.17,"Little, Muller and Schumm",66,97,100,90,83,59,82.5
Seka,e9643,sspooner1g@vinaora.com,Universitas Islam Malang,75,43,54,42,92,68,Office Assistant III,disintermediate cross-platform web services,62.33,Kautzer-Hagenes,57,47,81,48,59,76,61.33
Gawen,f1809H($,gmcphilip1h@123-reg.co.uk,Catholic University of Pusan,93,54,40,67,45,77,Staff Accountant III,scale user-centric web-readiness,62.67,Konopelski and Sons,93,47,56,71,62,99,71.33
Lainey,"a9612""",lwalles1i@shutterfly.com,Osaka University of Pharmaceutical Sciences,86,93,50,94,78,47,Mechanical Systems Engineer,innovate cross-media e-markets,74.67,"Satterfield, Wuckert and Reynolds",77,75,73,77,71,79,75.33
Margalit,z8326j,mganing1j@opensource.org,Hollins University,89,53,57,55,46,50,Geological Engineer,extend transparent bandwidth,58.33,Rau LLC,61,40,49,100,94,48,65.33
Silvia,c9255,ssicha1k@ehow.com,Nanjing Normal University,93,87,48,60,54,42,Software Consultant,mesh best-of-breed communities,64,Gorczany-Kiehn,83,41,96,47,92,99,76.33
Abba,g5147,aspinella1l@bandcamp.com,Regent College,84,85,68,76,65,84,Environmental Specialist,synthesize extensible e-business,77,Predovic-Upton,61,96,98,92,69,74,81.67
Avie,h0775Zx,alakenton1m@fotki.com,Universitas Pesantren Darul Ulum Jombang,57,89,93,62,89,96,Sales Associate,visualize transparent applications,81,"Block, Beatty and Roberts",76,98,57,100,41,47,69.83
Zorah,x0571r38,zclougher1n@github.io,University of Mosul,75,55,74,68,74,76,GIS Technical Architect,generate transparent convergence,70.33,Mertz-Murphy,75,70,44,46,52,93,63.33
Bethany,o1311,bbearcock1o@wunderground.com,Escuela Politécnica del Ejercito,86,97,66,98,76,68,Teacher,strategize turn-key niches,81.83,Mraz LLC,43,42,92,52,77,92,66.33
Jarrad,n1281,jdarragh1p@pbs.org,United Nations University,64,58,89,96,75,80,Account Executive,innovate best-of-breed convergence,77,"Jacobs, Effertz and Harvey",91,52,82,93,74,75,77.83
Aurelia,y6936&,apaulus1q@baidu.com,Yazd Medical University,85,84,41,73,91,48,Quality Engineer,grow cutting-edge schemas,70.33,"Swaniawski, Hills and Kunze",92,43,48,84,58,82,67.83
Ebonee,x3967EL,eneary1r@accuweather.com,Debrecen University of Agricultural Sciences,79,96,55,76,74,45,Civil Engineer,orchestrate cross-platform web services,70.83,Kunze-Satterfield,96,53,41,90,41,79,66.67
Benjy,i19008S,bbolitho1s@google.ca,Bunkyo University,71,63,54,44,90,88,Office Assistant I,enable vertical convergence,68.33,Haag-Reichel,82,69,53,72,59,82,69.5
Giusto,j0918,gfarans1t@webmd.com,Zachodniopomorska School of Science and Engineering,59,64,84,56,70,50,Marketing Assistant,aggregate B2C bandwidth,63.83,Bernier-Jenkins,73,56,88,64,63,83,71.17
Marleen,b58855A&,mpopland1u@xrea.com,Cambodia University of Specialties,98,87,90,73,60,90,Accountant II,utilize open-source metrics,83,"Krajcik, Smith and Koelpin",51,70,96,73,100,88,79.67
Cloe,n6803wnY,csteiner1v@dedecms.com,Universidad Mariano Egaña,61,66,77,89,43,43,Assistant Media Planner,deliver sexy methodologies,63.17,Bradtke LLC,50,87,54,82,72,42,64.5
Violetta,e9533,vrait1w@wordpress.com,Minsk Institute of Management,56,45,64,83,99,42,Operator,optimize ubiquitous bandwidth,64.83,Predovic-Hilpert,74,74,46,70,92,79,72.5
Noami,k7795TDS,nkrishtopaittis1x@java.com,Hiroshima Prefectural University,94,82,85,75,71,86,Health Coach IV,engage seamless niches,82.17,"Windler, Heller and Kling",99,68,95,88,62,49,76.83
Elmo,u01449,efahy1y@cocolog-nifty.com,Ohtani Women's University,85,99,41,95,51,60,Actuary,integrate rich schemas,71.83,Conn and Sons,40,87,87,82,57,56,68.17
Nollie,r9022,ndwerryhouse1z@miitbeian.gov.cn,"California State University, San Bernadino",47,53,70,100,80,42,Assistant Professor,whiteboard cutting-edge communities,65.33,"Pouros, Ziemann and Beer",80,99,100,88,64,51,80.33
North,i8633<6P,ncorkitt20@networkadvertising.org,Sultan Idris Shah Polytechnic,59,99,64,79,99,62,Help Desk Operator,benchmark rich e-services,77,Dickens-Stiedemann,95,94,71,65,43,88,76
Rudie,u2771,rtinwell21@economist.com,DCT International Hotel & Business Management School,55,86,84,74,56,44,Information Systems Manager,engineer dynamic initiatives,66.5,"Bogisich, Nolan and Hand",92,41,70,85,90,41,69.83
Alisun,x1112@,awain22@weather.com,Western Baptist College,85,89,76,88,79,99,Food Chemist,incentivize 24/7 partnerships,86,Simonis-Cormier,53,42,70,50,70,47,55.33
Stan,m3343,smarzelle23@themeforest.net,National University of Rwanda,89,59,86,67,44,90,Data Coordinator,transform proactive architectures,72.5,"Erdman, Huel and Legros",50,40,89,100,75,72,71
Gabriele,j7901SH,gsimion24@hhs.gov,"Rasmussen College, Illinois Campuses",50,53,75,77,83,43,Director of Sales,whiteboard 24/7 portals,63.5,Reinger-Carroll,100,77,91,51,100,83,83.67
Perry,c8206,ppolon25@cbslocal.com,European Academy of Arts in Warsaw,61,68,51,100,40,86,Senior Sales Associate,extend virtual metrics,67.67,Osinski-Johnston,57,81,66,81,99,79,77.17
Ava,v6982PG,ajentges26@irs.gov,Kebbi State University of Science and Technology,92,78,79,100,49,81,Nurse Practicioner,embrace scalable content,79.83,Abernathy-Parker,41,91,82,40,81,72,67.83
Glory,k4888,gcaltun27@delicious.com,Roanoke College,88,53,76,98,76,68,Financial Advisor,engineer robust applications,76.5,"Kirlin, Grant and Collins",98,54,60,72,67,80,71.83
Mart,t4850kln,mstickells28@jiathis.com,Palm Beach Atlantic University,59,60,53,44,73,74,Programmer Analyst I,leverage 24/7 e-tailers,60.5,Schmidt-Hagenes,60,51,44,93,79,45,62
Moritz,y4905&B,mgiorgeschi29@mapquest.com,Universidad Pedagógica y Tecnológica de Colombia,46,61,74,62,99,79,Librarian,recontextualize proactive niches,70.17,Moen-Rohan,72,84,73,100,90,43,77
Marcelle,y4641T,mboobyer2a@rakuten.co.jp,University of Dubuque,70,97,43,94,87,91,Programmer II,strategize frictionless partnerships,80.33,Schulist Inc,43,63,92,80,76,69,70.5
Caddric,z8697,ctreadaway2b@godaddy.com,Harbin Engineering University,69,51,47,74,100,72,Geologist I,e-enable efficient portals,68.83,Lubowitz-Metz,67,49,77,50,88,66,66.17
Adriana,s5082,anickerson2c@godaddy.com,Novosibirsk State Music Academy M. Glinka,44,62,40,61,65,100,Budget/Accounting Analyst IV,enable wireless infomediaries,62,"Ebert, Runolfsdottir and Swaniawski",79,91,41,77,66,92,74.33
Joelie,i9529,jmulliss2d@drupal.org,South-East Asia University,71,100,47,40,97,47,Research Nurse,utilize front-end metrics,67,Powlowski-Miller,61,99,79,89,54,69,75.17
Neely,s0277TB&,nlille2e@timesonline.co.uk,Universitas Islam Jakarta,92,80,53,64,51,79,Account Coordinator,cultivate revolutionary users,69.83,"Ledner, Upton and Johnston",92,64,56,95,45,100,75.33
Maisey,n2241,mmorgue2f@ow.ly,Third University of Rome,86,87,74,82,48,58,Systems Administrator IV,embrace customized bandwidth,72.5,"Klocko, Sawayn and Strosin",88,81,79,80,61,72,76.83
Harlen,c8830.$,hburrel2g@nasa.gov,Universitas Negeri Yogyakarta,60,93,84,76,99,83,Food Chemist,monetize world-class bandwidth,82.5,Moen LLC,47,58,49,42,48,51,49.17
Ring,p1808K,rforman2h@upenn.edu,Kerbala University,78,47,100,88,66,83,Environmental Specialist,streamline visionary models,77,"Gottlieb, Blick and Hermiston",94,49,80,48,75,72,69.67
Rob,y6952,rlemonby2i@newyorker.com,University of Central Texas,66,58,98,68,59,52,Design Engineer,whiteboard revolutionary mindshare,66.83,Beier-Kuhlman,99,40,46,82,67,52,64.33
Davide,"v9580+""",dlightowlers2j@prlog.org,Louisiana State University and Agricultural and Mechanical College,95,50,95,45,50,57,Help Desk Technician,orchestrate scalable e-tailers,65.33,Dach-Hickle,100,87,46,46,89,58,71
Sara-ann,k2420,spidcock2k@hhs.gov,Dilla University,48,55,44,61,85,60,Analog Circuit Design manager,empower user-centric applications,58.83,"Becker, Anderson and Bernier",48,80,72,76,46,71,65.5
Lek,o2433,lvalerius2l@1688.com,European University Cyprus,48,100,57,50,89,98,Analog Circuit Design manager,incentivize scalable action-items,73.67,Stark-Pfannerstill,67,42,62,66,65,85,64.5
Livy,i3961,lsheepy2m@devhub.com,Zimbabwe Open University,44,78,68,49,56,84,Community Outreach Specialist,maximize one-to-one synergies,63.17,"Marks, Schaden and Towne",51,73,47,56,88,90,67.5
Miller,f9987,mrobertot2n@wired.com,Bulacan State University,83,65,72,44,97,53,Staff Scientist,disintermediate interactive partnerships,69,Kemmer and Sons,45,44,100,64,94,99,74.33
Archaimbaud,m2633,amccathay2o@parallels.com,Universidad del Tolima,77,58,100,87,99,71,Graphic Designer,synthesize end-to-end relationships,82,"Pouros, Schultz and Hauck",59,45,100,62,66,96,71.33
Velma,w3878,vbaumler2p@salon.com,Etisalat University College,42,98,42,67,68,94,Geologist IV,implement value-added methodologies,68.5,Moen Inc,97,80,67,96,89,63,82
Marion,o9332\,mfirpo2q@unesco.org,Obirin University,70,87,41,71,76,68,Food Chemist,orchestrate robust relationships,68.83,Bradtke Inc,92,41,91,56,88,66,72.33
Debora,a6126,drocco2r@nature.com,Ewha Women's University,59,92,99,40,68,64,Director of Sales,brand cross-media models,70.33,Will Group,82,47,71,45,62,62,61.5
Eugen,y1061>i4,ebengtsson2s@redcross.org,Universitas Katolik Parahyangan,85,75,42,81,95,80,Media Manager IV,empower scalable solutions,76.33,Cremin-Renner,95,48,69,84,87,61,74
Dareen,c5350,dbarhims2t@buzzfeed.com,College of New Caledonia,44,59,50,97,87,70,Help Desk Operator,benchmark next-generation architectures,67.83,Hartmann-Medhurst,55,51,62,69,42,46,54.17
Seward,g2395,sblackshaw2u@barnesandnoble.com,Redeemer College,51,73,90,69,70,42,Help Desk Technician,expedite frictionless initiatives,65.83,McClure-Heidenreich,75,63,46,84,94,89,75.17
Roanna,d37326,rjaquin2v@salon.com,University of Texas of the Permian Basin,68,41,50,93,79,84,Dental Hygienist,morph mission-critical deliverables,69.17,Dach Group,52,94,45,98,61,40,65
Sandye,u90470OH,savrashin2w@mail.ru,Kinki University,79,77,76,94,71,73,Sales Associate,deploy dynamic web services,78.33,Morar-Mohr,71,90,61,41,93,86,73.67
Trevar,o9588,tkusick2x@usatoday.com,University of New Haven,44,66,58,91,59,67,Teacher,transform sexy infomediaries,64.17,VonRueden-Block,49,48,71,52,41,76,56.17
Caye,o8911Kg,cmiguet2y@cnn.com,Halmstad University College,67,56,78,73,72,71,Teacher,syndicate B2C supply-chains,69.5,"Dietrich, Mosciski and Sipes",44,76,88,74,42,67,65.17
Lucretia,v9516,lcarryer2z@merriam-webster.com,EMESCAM - Escola Superior de Ciências da Santa Casa de Misericórdia de Vitória,68,49,85,43,95,63,Nuclear Power Engineer,redefine efficient methodologies,67.17,Altenwerth Group,56,97,64,94,57,44,68.67
Jarrett,l5827,jsteenson30@oaic.gov.au,Himachal Pradesh Agricultural University,56,89,66,47,91,75,VP Marketing,utilize viral bandwidth,70.67,Mante-Brakus,62,79,92,50,64,88,72.5
Brier,i2089,bizaac31@icio.us,Shanxi University,45,62,94,58,89,61,Accountant I,strategize plug-and-play eyeballs,68.17,Luettgen Group,49,89,87,60,91,87,77.17
Hertha,k0108,hziemens32@auda.org.au,Higher School o Business in Tarnow,77,78,85,70,77,73,Junior Executive,orchestrate B2C networks,76.67,Von-Hyatt,59,85,67,84,76,86,76.17
Xerxes,l9372cH,xcheyenne33@princeton.edu,Hamdard University,92,46,99,47,43,96,Technical Writer,incubate 24/365 networks,70.5,Corwin-Sporer,44,67,81,44,99,46,63.5
Tessi,e0546~n),tstorr34@spiegel.de,Universidad de La Serena,58,85,92,93,76,43,Accounting Assistant II,target synergistic e-services,74.5,Gusikowski-Halvorson,59,48,81,64,69,78,66.5
Vanny,u1481,vgosneye35@ocn.ne.jp,Kuala Lumpur Infrastructure University College,44,58,84,86,63,88,Quality Engineer,unleash frictionless synergies,70.5,Runte-Parisian,91,100,68,78,46,50,72.17
Cynthy,d9029jPP,cstanaway36@theatlantic.com,University of Portsmouth,50,94,68,72,78,57,Physical Therapy Assistant,utilize user-centric architectures,69.83,Howe and Sons,57,68,74,85,77,57,69.67
Jeromy,r0281IJ,jpretti37@php.net,"University of Virginia, College at Wise",75,49,73,54,99,40,Environmental Specialist,expedite strategic infomediaries,65,"Parisian, Douglas and Schamberger",81,77,91,52,42,50,65.5
Chris,j1705,cpenswick38@fema.gov,Universidad de Manizales,47,71,85,91,84,43,Financial Advisor,unleash revolutionary networks,70.17,Bartoletti Inc,94,42,77,86,88,49,72.67
Northrup,m0927C,nbeattie39@cafepress.com,Knox College,42,57,73,64,91,46,Accountant I,optimize collaborative action-items,62.17,Balistreri LLC,40,57,68,47,52,89,58.83
Lemmie,o0860,lsnailham3a@hhs.gov,Oman College Of Management & Technology,43,86,89,52,53,62,VP Marketing,benchmark user-centric niches,64.17,Wuckert Inc,54,53,87,82,45,66,64.5
Van,j1583Xf,verrett3b@sbwire.com,Ecole Supérieure d'Ingénieurs en Génie Electrique,60,43,72,58,83,56,Information Systems Manager,expedite vertical web services,62,"Gutmann, Cassin and Tremblay",51,57,97,78,56,97,72.67
Theresita,h6316C,tkleinberer3c@naver.com,Smolensk State Medical Academy,78,67,71,90,78,76,Recruiter,grow scalable functionalities,76.67,Hudson-Schmidt,70,94,51,43,97,61,69.33
Amity,i3919,asearchwell3d@paypal.com,Universidad Nacional Siglo XX Llallagua,51,71,63,61,58,54,Design Engineer,strategize killer content,59.67,"Watsica, Bins and Ryan",90,85,56,47,79,75,72
Stacy,h0757,ssabbatier3e@answers.com,Universitat de les Illes Balears,49,43,80,54,50,72,Structural Analysis Engineer,embrace virtual web services,58,Jones Group,46,82,90,58,80,48,67.33
Vaclav,"g8952""Ax",vzebedee3f@vimeo.com,North Ossetian State University,69,84,59,81,46,45,General Manager,productize dot-com systems,64,"Doyle, Runolfsdottir and Bogan",57,83,90,78,49,65,70.33
Ulrike,t1445,upryer3g@fema.gov,Universidad Arcis,49,63,82,93,89,70,Project Manager,deliver open-source eyeballs,74.33,Lowe-Kreiger,46,78,56,81,51,76,64.67
Bertrando,h4194,bgalego3h@loc.gov,Odense University,50,56,94,75,56,62,Teacher,evolve plug-and-play mindshare,65.5,White-Yundt,75,54,40,43,80,56,58
Felipe,y9851Xq~,fpalomba3i@nsw.gov.au,Universitas Lancang Kuning,75,71,90,43,48,90,Project Manager,brand next-generation interfaces,69.5,Nitzsche-Schaefer,76,98,47,90,41,77,71.5
Wyn,d0058,wrelton3j@istockphoto.com,Reformed Bible College,47,48,67,48,95,89,Biostatistician III,drive interactive markets,65.67,"Tremblay, D'Amore and Gutkowski",55,92,52,91,57,45,65.33
Korney,j4056=i,kaim3k@illinois.edu,Universidad Nacional Experimental de la Fuerza Armada,53,80,64,42,90,73,Structural Analysis Engineer,drive seamless ROI,67,"Goldner, Murazik and Kassulke",42,73,83,47,91,82,69.67
Jay,y8071s~W,jmeadmore3l@gravatar.com,Friedrich-Alexander Universität Erlangen-Nürnberg,95,70,98,52,63,88,Information Systems Manager,synthesize web-enabled communities,77.67,Schumm Group,74,52,48,92,54,99,69.83
Ramsay,q4619,rcains3m@stanford.edu,Universidad Champagnat,84,71,77,82,61,73,Research Nurse,generate plug-and-play metrics,74.67,Zboncak and Sons,57,57,97,61,43,44,59.83
Merwin,s9783D+,mgullyes3n@nsw.gov.au,Polytechnical University of Kabul,56,53,83,81,42,49,Web Developer III,facilitate bleeding-edge mindshare,60.67,Schaefer Inc,82,77,73,99,76,87,82.33
Coletta,i4820,cslucock3o@chron.com,Institut Supérieure d'Electronique de Paris,47,99,59,60,53,74,Automation Specialist IV,recontextualize vertical systems,65.33,Dach-Becker,44,51,50,62,44,74,54.17
Garrot,y053260,galiberti3p@twitpic.com,Detroit College of Business - Warren,52,97,40,66,77,53,Marketing Assistant,scale revolutionary applications,64.17,Ankunding Group,43,66,51,83,67,93,67.17
Tiffanie,x2008,thaliburn3q@whitehouse.gov,Capitol University,65,79,58,91,64,77,Web Developer III,engineer magnetic e-markets,72.33,Carroll LLC,100,43,81,99,55,42,70
Roch,m3797,rcumming3r@amazon.co.uk,Umutara Polytechnic,67,50,42,74,41,51,Recruiter,incentivize real-time solutions,54.17,"Tromp, Rutherford and Langworth",65,73,49,61,70,40,59.67
Prue,x2298f'8,pcosh3s@w3.org,Wellspring University,41,46,90,90,73,71,Data Coordinator,facilitate killer relationships,68.5,"Stark, Schneider and Rodriguez",97,78,99,47,54,64,73.17
Ax,w4340dk,aliddiard3t@blogger.com,Technological University (Lashio),59,48,51,84,83,71,Civil Engineer,optimize bleeding-edge ROI,66,Hane Inc,92,54,65,68,45,90,69
Ossie,j6690PDa,obiagi3u@kickstarter.com,Fachhochschule Kärnten,48,51,85,61,42,90,Compensation Analyst,evolve cross-media networks,62.83,"Walker, Littel and Turner",83,43,55,63,91,84,69.83
Margaretha,q2983n*F,mrainsbury3v@china.com.cn,Moscow State University of Geodesy and Cartography,80,84,40,72,97,67,Safety Technician II,synthesize collaborative metrics,73.33,Stokes LLC,58,73,81,73,68,68,70.17
Auguste,w3471,afoat3w@netvibes.com,Université de Rouen - Haute Normandie,70,66,44,66,84,91,Teacher,e-enable turn-key paradigms,70.17,Grant Group,69,53,68,60,65,61,62.67
Franni,l7192,fcoppen3x@live.com,Moscow State University of Ecological Engineering,69,98,62,70,55,71,Accountant II,implement bricks-and-clicks vortals,70.83,"Schultz, Olson and Spinka",85,47,54,81,85,67,69.83
Tiffi,a9633$d!,tbony3y@geocities.jp,Sultan Azlan Shah Polytechnic ,100,74,65,44,51,72,Chemical Engineer,aggregate user-centric content,67.67,Hessel-Flatley,90,49,71,70,43,56,63.17
Wood,k5164Be,wspindler3z@archive.org,DEI Bachelor & Master Degrees,96,56,84,52,86,53,Associate Professor,harness leading-edge partnerships,71.17,Williamson Inc,50,70,90,76,49,53,64.67
Alvin,l7091AL5,astrelitz40@surveymonkey.com,London College of Science & Technology,73,59,90,70,44,53,Developer III,enhance cross-platform solutions,64.83,"Stiedemann, Stiedemann and Zulauf",100,43,94,44,44,47,62
Margarita,r3240l{,mbenois41@goo.gl,Wright State University,89,98,70,68,75,64,Account Coordinator,reintermediate magnetic experiences,77.33,Fahey-Abernathy,70,86,75,43,88,72,72.33
Sherye,q2891z,sburchess42@admin.ch,University of Crete,76,98,60,69,96,93,Information Systems Manager,utilize world-class web-readiness,82,"Bednar, Langosh and Connelly",69,84,56,90,95,86,80
Kate,"h8620""",kmorgan43@geocities.com,Al-Azhar University of Gaza,59,98,87,51,95,51,Quality Control Specialist,embrace user-centric functionalities,73.5,Hamill Inc,54,71,95,62,55,72,68.17
Jennilee,c90124!,jmoffet44@istockphoto.com,Athenaeum of Ohio,99,80,62,85,60,64,Graphic Designer,engineer magnetic supply-chains,75,Green LLC,62,46,44,63,90,44,58.17
Herrick,b0148{l,hmossdale45@scientificamerican.com,Universidad Católica de Santiago del Estero,47,81,58,66,90,56,Marketing Manager,e-enable magnetic e-markets,66.33,Durgan and Sons,91,41,98,67,68,88,75.5
Trudi,n6513,tmattaser46@slashdot.org,Vancouver Community College,77,98,52,67,95,84,Accountant III,leverage mission-critical users,78.83,Pollich LLC,57,78,99,76,85,92,81.17
Deane,j88684O,dpauletti47@hubpages.com,Tamagawa University,65,55,62,62,92,59,Software Engineer III,reinvent world-class models,65.83,"Emard, Sanford and Gerhold",78,62,62,71,54,83,68.33
Nevsa,u1963UAe,nrevington48@patch.com,University of Education,82,78,73,87,85,44,Associate Professor,evolve efficient systems,74.83,"Herzog, Beahan and Prohaska",76,67,53,96,57,47,66
Goraud,y3731R8,gpickworth49@bravesites.com,Northwestern University of the Philippines,50,76,92,64,42,59,Financial Advisor,deploy strategic portals,63.83,"Volkman, Thompson and McCullough",100,47,87,79,52,54,69.83
Goldi,g5626Q@u,ghowitt4a@bluehost.com,"Teachers College, Columbia University",54,42,87,80,65,85,Help Desk Operator,matrix end-to-end mindshare,68.83,Fadel-Koelpin,58,88,88,92,66,91,80.5
Ardyth,q6675,agreenshiels4b@behance.net,Massachusetts College of Liberal Arts,59,91,47,93,99,100,Health Coach II,generate viral infomediaries,81.5,Beatty-Hessel,100,69,66,85,80,98,83
Osmond,y4705,ocossins4c@exblog.jp,"New York Academy of Art, Graduate School of Figurative Art",41,50,61,70,86,40,Research Assistant I,optimize integrated architectures,58,Barton-Corkery,57,71,77,84,75,79,73.83
Dougie,d7278Y,divanikhin4d@nytimes.com,Silesian School of Economics and Languages,93,71,63,75,92,56,Software Engineer II,whiteboard clicks-and-mortar web-readiness,75,Kautzer-Denesik,44,57,75,98,74,68,69.33
Baron,n7088v,baffron4e@ebay.co.uk,Universidad de Valladolid,70,71,66,69,74,69,Help Desk Operator,strategize impactful deliverables,69.83,Reilly Group,50,75,80,75,57,70,67.83
Adorne,s1234&,aswepson4f@fema.gov,Hanoi University of Architecture,89,77,53,40,83,70,Clinical Specialist,strategize customized architectures,68.67,Runolfsdottir-Bailey,98,59,100,71,61,50,73.17
Kipp,h2144,kmclafferty4g@sun.com,Alverno College,60,62,75,76,44,84,Staff Accountant II,e-enable user-centric interfaces,66.83,"Labadie, Monahan and Heller",86,43,80,71,42,97,69.83
Leyla,j2074,lpoinsett4h@smugmug.com,University of Zadar,71,46,68,96,48,77,Executive Secretary,scale compelling interfaces,67.67,"Rempel, Harvey and Conn",83,61,96,93,67,88,81.33
Che,o3033,caveyard4i@alexa.com,Ecole Supérieure de Commerce de Marseille-Provence,73,56,41,93,81,85,Cost Accountant,synthesize 24/7 convergence,71.5,Schuppe LLC,68,88,96,56,49,55,68.67
Reta,j9861T,rtrebble4j@deviantart.com,Jacobs University Bremen,75,69,60,61,71,83,Design Engineer,matrix compelling e-services,69.83,Feil-Raynor,40,94,69,76,55,46,63.33
Dodie,p4750nO,dfoulcher4k@state.gov,Binh Duong University,82,47,61,42,62,94,Accountant II,benchmark dynamic web services,64.67,"Schamberger, Streich and Daniel",82,63,94,64,49,93,74.17
Jourdan,y4877,jrubinek4l@yandex.ru,University of Pangasinan,59,74,55,67,63,81,Financial Advisor,redefine value-added eyeballs,66.5,Kunde-Herzog,63,42,67,54,48,63,56.17
Kirbie,i7933,kteresi4m@vkontakte.ru,Kyrgyz Turkish  Manas University,62,55,73,63,77,79,Tax Accountant,deploy e-business mindshare,68.17,Sporer-Jacobson,66,83,73,50,95,63,71.67
Verile,d60498(,vdevuyst4n@wikia.com,Landmark University,87,53,73,64,91,47,Software Test Engineer IV,reinvent collaborative metrics,69.17,"Mann, Gutmann and Ledner",48,89,65,73,95,84,75.67
Amby,r1771,amcquie4o@tripadvisor.com,Creighton University,89,96,40,84,57,96,Director of Sales,engineer robust infomediaries,77,Mohr-Casper,67,49,77,75,49,50,61.17
Livia,z7103'a,lanthoin4p@sohu.com,University of Ostrava,76,54,41,64,58,46,Internal Auditor,maximize extensible models,56.5,"Watsica, Reinger and Gottlieb",88,88,46,97,68,79,77.67
Tulley,t9604,twentworth4q@is.gd,Deccan College Postgraduate and Research Institute,42,60,82,60,43,93,Assistant Professor,transform dot-com technologies,63.33,"Schuppe, Kassulke and Heidenreich",62,52,58,57,44,90,60.5
Gearalt,o9057,gjewes4r@dell.com,Tokyo Engineering University,67,42,53,89,84,46,VP Quality Control,syndicate out-of-the-box e-services,63.5,Conroy-Bins,97,95,64,65,57,75,75.5
Horten,b4318`WS,hbroadwell4s@state.gov,Ecole Supérieure de Commerce de Toulouse,70,64,41,44,76,42,Software Test Engineer IV,evolve real-time applications,56.17,Yundt-Littel,62,54,86,54,61,43,60
Erma,u1200,elammerich4t@reuters.com,Damghan University of Basic Sciences,52,45,58,83,100,46,Executive Secretary,maximize holistic convergence,64,Towne Inc,89,88,87,69,47,81,76.83
Melody,l5768t,mblankhorn4u@imdb.com,Warnborough University,59,74,44,75,62,50,Software Consultant,enhance holistic infrastructures,60.67,Kerluke and Sons,91,86,55,99,68,52,75.17
Kimmie,f9127,kconneely4v@mapquest.com,The Boston Conservatory,97,71,83,54,70,98,Sales Associate,utilize innovative portals,78.83,Schiller-Lemke,51,82,45,89,72,76,69.17
Vite,k1108Lx#,vbrunetti4w@yandex.ru,Hansei University,42,71,87,84,71,67,Information Systems Manager,repurpose killer supply-chains,70.33,Casper-Bergstrom,86,45,64,62,88,62,67.83
Kristoffer,h5771p,kchampkin4x@answers.com,University of Padua,49,74,96,78,59,93,Account Executive,exploit cross-media web services,74.83,Davis LLC,96,94,93,52,95,85,85.83
Giffie,r7773,gmapston4y@mtv.com,Iwaki Meisei University,99,40,91,72,97,76,Financial Advisor,maximize synergistic infomediaries,79.17,"Jaskolski, Schinner and Okuneva",64,95,63,55,100,98,79.17
Mathew,p94260,mwoodroof4z@fotki.com,Université de Kolwezi,73,94,93,70,94,53,Tax Accountant,disintermediate integrated initiatives,79.5,Dooley Inc,41,100,42,85,62,74,67.33
Trefor,s2083fx&,tmarians50@yellowpages.com,Suan Dusit Rajabhat University,49,80,49,76,84,53,Physical Therapy Assistant,implement wireless e-commerce,65.17,"Haag, Hilpert and Hilpert",94,90,63,88,69,59,77.17
Beilul,c0768f,breese51@msu.edu,Chatham College,75,74,67,52,88,94,Social Worker,productize extensible niches,75,Schoen Inc,75,62,91,87,87,99,83.5
Neile,j1511O2/,nvandenbosch52@pen.io,Scott Christian University,73,73,61,100,96,85,Software Engineer IV,harness B2B paradigms,81.33,Zulauf-Anderson,67,59,86,47,93,40,65.33
Daveen,a9402,dantonsen53@elegantthemes.com,Olabisi Onabanjo University ,84,94,71,74,68,45,Marketing Assistant,leverage turn-key functionalities,72.67,Luettgen-Ortiz,94,80,98,76,53,55,76
Chelsae,t9040G$},crochester54@github.com,State University of New York at Albany,93,44,85,63,85,65,Senior Cost Accountant,optimize compelling methodologies,72.5,"O'Connell, Miller and Bergnaum",44,62,95,89,61,70,70.17
Merrily,i0581bg,meusden55@nifty.com,Seigakuin University,46,75,85,92,84,43,Senior Sales Associate,incubate compelling networks,70.83,Christiansen-Kuhn,93,71,83,90,48,91,79.33
Hogan,v7866,hwindle56@ocn.ne.jp,National Institute of Industrial Engineering,83,85,51,100,75,80,Programmer I,drive out-of-the-box solutions,79,Miller-Olson,96,84,84,42,85,89,80
Janey,n8143p,jmcaughtrie57@patch.com,Bifrost School of Business,75,84,70,83,70,84,Senior Sales Associate,unleash dot-com initiatives,77.67,Jast-D'Amore,97,45,81,40,100,82,74.17
Tressa,d1065,tpley58@blinklist.com,National Institute of Fitness and Sports Kanoya,72,75,50,54,99,74,Librarian,generate front-end supply-chains,70.67,Kessler Inc,66,48,60,84,85,98,73.5
Sapphira,n4794,sskeath59@g.co,Seigakuin University,79,67,64,91,55,75,Financial Analyst,exploit robust systems,71.83,Leuschke-Hessel,57,79,54,91,59,73,68.83
Marcelline,q9390,mlasty5a@blogspot.com,Andon College - Modesto,42,90,77,67,69,61,GIS Technical Architect,reintermediate one-to-one systems,67.67,Gerhold Group,53,75,95,72,66,55,69.33
Vickie,h6058,vmoxstead5b@cornell.edu,Université de Bangui,59,100,79,42,83,65,Safety Technician II,whiteboard magnetic systems,71.33,Lueilwitz Group,63,85,99,58,84,58,74.5
Dante,y4920,dscrauniage5c@umich.edu,University of Arkansas (System),92,68,51,41,45,85,Assistant Media Planner,redefine vertical metrics,63.67,Hegmann Group,77,90,66,74,63,69,73.17
Marcello,t1222?C,mfearnehough5d@yelp.com,"University of Gjirokstra ""Eqerem Cabej""",74,57,75,98,98,40,Human Resources Manager,streamline 24/365 communities,73.67,Lesch Inc,74,100,59,61,44,97,72.5
Zerk,v7980{,zcavozzi5e@liveinternet.ru,Yerevan Haibusak University,98,67,50,42,96,89,Research Assistant IV,expedite sexy schemas,73.67,Orn Group,64,86,70,87,70,49,71
Zsa zsa,p2037,zyoxall5f@smugmug.com,Université d'Aix-Marseille III,48,90,47,80,58,82,Director of Sales,monetize proactive channels,67.5,"Gerhold, Kiehn and Schmidt",58,72,57,81,66,91,70.83
Albert,e1975},amcvitie5g@hatena.ne.jp,University of Grigol Robakidze,78,94,52,43,88,59,Editor,harness extensible niches,69,Howe-Lockman,95,86,70,44,93,55,73.83
Ginelle,p6478eGF,gbrunesco5h@aboutads.info,Sultan Qaboos University,47,99,47,71,44,45,Operator,orchestrate virtual ROI,58.83,Reichel-Johnston,89,62,68,68,61,61,68.17
Deloris,p6819lRz,dbeller5i@ucoz.com,International Centre for Isclamic Science,80,75,92,72,46,58,Financial Advisor,extend collaborative e-tailers,70.5,DuBuque-Kuhic,91,52,79,82,79,73,76
Blair,r0959cA,bzanotti5j@flavors.me,College of Nursing and Allied Health Scinces,77,43,93,96,71,44,GIS Technical Architect,orchestrate best-of-breed applications,70.67,Lueilwitz-Glover,98,86,93,89,43,100,84.83
Jessamyn,e6018,jlehr5k@feedburner.com,University of Notre Dame,44,60,97,81,61,54,GIS Technical Architect,redefine granular content,66.17,Hamill Group,55,51,55,54,87,49,58.5
Louie,s3603,levens5l@house.gov,Ho Chi Minh City University of Pedagogics,50,76,76,80,95,56,Web Developer I,seize collaborative synergies,72.17,"Braun, Feest and Kirlin",95,75,52,41,62,69,65.67
Jasmine,p5158O,jaiken5m@mail.ru,Hadhramout University of Science and Technology ,48,98,76,73,69,78,Design Engineer,enable sexy supply-chains,73.67,O'Hara-Anderson,98,73,65,70,50,69,70.83
Andre,x8779,amacandrew5n@examiner.com,Universidad Xicotepetl,40,51,84,97,47,50,Help Desk Operator,leverage user-centric architectures,61.5,Upton-Koss,67,63,85,78,85,54,72
Husein,f3228,halgy5o@drupal.org,Mutesa 1 Royal University,48,86,66,67,93,56,Engineer I,orchestrate leading-edge supply-chains,69.33,Marvin LLC,91,42,56,86,57,44,62.67
Bernette,t4720,banstead5p@answers.com,Spring Hill College,81,79,51,63,73,79,Web Developer III,unleash sexy channels,71,Osinski-Effertz,79,62,55,62,94,64,69.33
Nelly,v6538,ndebell5q@mysql.com,"Fachhochschule Heilbronn, Hochschule für Technik und Wirtschaft",62,100,100,53,46,82,Tax Accountant,drive proactive methodologies,73.83,Bauch and Sons,72,91,55,85,69,82,75.67
Auroora,o4490,anorwood5r@blogs.com,University of Stirling,58,78,51,45,77,56,Business Systems Development Analyst,benchmark vertical models,60.83,"Beatty, Gutkowski and Kihn",76,93,59,91,66,67,75.33
Mavis,c3268wLt,mcozens5s@alibaba.com,Physical Education Academy in Katowice,71,73,68,90,84,41,Desktop Support Technician,syndicate turn-key deliverables,71.17,Kertzmann and Sons,96,79,85,81,66,52,76.5
Brant,g4563,byurinov5t@patch.com,University of South Carolina,80,70,96,81,48,64,Senior Financial Analyst,generate customized functionalities,73.17,Rice-Torp,87,83,86,43,93,54,74.33
Mallissa,p6933$H,mmaddrah5u@nytimes.com,Internationales Hochschulinstitut Zittau,43,56,63,73,62,48,GIS Technical Architect,empower compelling portals,57.5,Terry LLC,55,76,46,75,42,61,59.17
Joletta,z2406S(r,jdarth5v@trellian.com,The Interdisciplinary Center Herzliya,92,46,43,93,83,72,Project Manager,incentivize world-class e-commerce,71.5,"Veum, Nader and Krajcik",90,100,76,47,98,66,79.5
Birgitta,b7168=8,bscrimgeour5w@icq.com,Fachhochschule Kiel,91,83,74,47,72,68,Web Developer II,cultivate out-of-the-box web-readiness,72.5,O'Hara-Herzog,90,98,65,58,63,91,77.5
Tabbie,n1290P,tpughsley5x@comsenz.com,Kobe Pharmaceutical University,100,97,99,47,80,71,Sales Representative,exploit bricks-and-clicks models,82.33,"Yundt, Lesch and Maggio",47,59,67,100,43,74,65
Jermaine,o2393,jmcaless5y@i2i.jp,"St. Francis College, Fort Wayne",69,74,71,98,74,70,Software Engineer II,exploit out-of-the-box systems,76,Gutkowski-Collins,94,94,40,98,77,72,79.17
Tilda,t2057,tcumberpatch5z@cafepress.com,"University of Computer Studies, Yangon",99,63,83,97,64,70,Senior Editor,empower B2B functionalities,79.33,"Hauck, Stiedemann and Kutch",56,97,93,75,81,52,75.67
Livvie,r3319nL,ljankowski60@cdc.gov,University of Vaasa,96,67,75,46,72,46,Food Chemist,productize scalable systems,67,Zboncak and Sons,99,47,80,55,65,55,66.83
Florinda,u6671oc,fsleeford61@indiatimes.com,"Universidad Pedagógica Nacional, Unidad León",100,54,44,91,78,42,Registered Nurse,optimize robust niches,68.17,"Connelly, Nicolas and Quitzon",42,79,45,94,75,51,64.33
Mason,x1696,mgarnham62@opera.com,Leeds Metropolitan University,83,71,68,67,41,85,Human Resources Manager,embrace value-added metrics,69.17,"Yost, Moen and VonRueden",91,85,73,86,94,73,83.67
Dore,x4744,dsousa63@geocities.jp,Drzavni Univerzitet u Novom Pazaru,48,71,50,55,45,86,Director of Sales,empower cross-platform action-items,59.17,Grant-Satterfield,44,77,58,81,74,52,64.33
Darla,w2650Xft,dlethabridge64@webs.com,Thomas More College,54,45,48,72,75,48,Information Systems Manager,leverage next-generation technologies,57,Bernier-Lang,68,45,61,48,76,100,66.33
Jackie,q0628,jperrie65@vinaora.com,Tiraspol State University,95,53,53,99,91,47,Director of Sales,expedite bricks-and-clicks methodologies,73,Lebsack-Stiedemann,73,43,55,92,45,84,65.33
Tobin,n6948F4V,tmaccorley66@skype.com,National Chengchi University,86,65,47,41,74,95,Nurse,target world-class networks,68,Dietrich-Daugherty,66,64,53,74,79,44,63.33
Mendie,h1400%sR,msabbins67@wordpress.org,Hong Kong Polytechnic University,51,64,57,45,68,77,Actuary,generate intuitive methodologies,60.33,"Lindgren, Padberg and Hane",88,58,64,91,62,60,70.5
Janifer,r0585,japlin68@addtoany.com,Kahramanmaras Sütcü Imam University,88,78,79,76,92,56,Account Coordinator,synergize ubiquitous solutions,78.17,"Cummings, Beatty and Daniel",99,81,86,80,56,90,82
Rubin,l5543dzK,rgrouse69@boston.com,Universitas Muhammadiyah Jember,71,49,67,89,96,65,Senior Editor,repurpose synergistic relationships,72.83,Stiedemann LLC,56,78,52,83,94,61,70.67
Lavena,i7285,lgoor6a@istockphoto.com,The Catholic University of America,64,96,100,97,77,59,Nurse Practicioner,reinvent best-of-breed portals,82.17,"Haley, Mayer and Green",70,92,80,49,58,42,65.17
Lorrie,m6058,lalen6b@geocities.com,Parwan University,61,89,45,69,52,56,Tax Accountant,visualize customized bandwidth,62,Olson-Schamberger,74,58,82,48,50,67,63.17
Ruben,b0676QN,relford6c@economist.com,Botho University,43,68,50,63,99,89,Desktop Support Technician,cultivate innovative users,68.67,"Turcotte, Osinski and Gerhold",98,81,87,71,94,97,88
Deb,j2961,davramov6d@nifty.com,Universitat Rámon Llull,78,87,88,99,42,55,Marketing Manager,recontextualize value-added e-business,74.83,"Rodriguez, Goyette and Adams",63,74,96,83,97,95,84.67
Marlon,l0308&,mblunsom6e@princeton.edu,Jumeira University,49,82,46,55,56,69,Help Desk Operator,exploit out-of-the-box portals,59.5,Trantow Inc,76,58,75,71,67,56,67.17
Mercie,y2691nX,mbrightie6f@acquirethisname.com,Oklahoma Christian University,63,55,61,40,66,60,Structural Analysis Engineer,matrix value-added e-business,57.5,"Hagenes, Conroy and Kub",80,73,90,42,79,71,72.5
Billie,w6419k,bleband6g@booking.com,Finnmark University College,67,67,79,45,99,86,Biostatistician IV,brand distributed deliverables,73.83,"Carroll, Stracke and Wehner",47,92,84,69,44,63,66.5
Hortensia,u3797,hberrycloth6h@washingtonpost.com,Chinju National University of Education,89,81,91,49,48,88,Physical Therapy Assistant,productize strategic e-commerce,74.33,"Fritsch, Graham and Hartmann",99,41,44,51,62,97,65.67
Letisha,k5432<,lpoxton6i@sciencedirect.com,University of Texas at Arlington,59,82,62,40,43,49,Editor,empower killer channels,55.83,Dietrich Inc,65,81,99,51,62,70,71.33
Conny,c6472XQc,cdoles6j@ed.gov,Paul Quinn College,91,70,86,63,53,75,Registered Nurse,incentivize collaborative web-readiness,73,Rau-Kuphal,60,93,90,73,56,55,71.17
Devin,b4052k,dmccarver6k@a8.net,Mount St. Clare College,48,51,68,76,55,88,Programmer Analyst III,cultivate sexy schemas,64.33,"Nader, Heller and Rice",60,75,75,97,45,47,66.5
Massimo,m1831,mpainswick6l@newsvine.com,University of Venda,46,83,52,47,52,56,Information Systems Manager,morph clicks-and-mortar e-business,56,Auer-McClure,99,66,47,63,93,94,77
George,b5406L$t,gdufer6m@dion.ne.jp,University of Edinburgh,87,44,91,81,54,72,Desktop Support Technician,synthesize cutting-edge metrics,71.5,Upton Group,43,77,94,77,68,61,70
Yard,c9301n*z,yreadwood6n@clickbank.net,Universidad Interamericana de Puerto Rico,91,93,88,69,53,70,Help Desk Technician,transition granular platforms,77.33,Ebert and Sons,95,61,97,74,76,61,77.33
Alexina,u9536dJ,alorey6o@friendfeed.com,Sinte Gleska University,76,69,46,61,71,69,Health Coach IV,reinvent extensible interfaces,65.33,Hartmann-Bartoletti,62,50,72,62,41,87,62.33
Pierette,i5566z%,prenhard6p@java.com,Hardin-Simmons University,93,95,50,100,100,99,Systems Administrator II,matrix B2C models,89.5,Cole-Hintz,80,65,95,90,74,60,77.33
Emlen,d9786,eughetti6q@google.com.au,Dammam Community College,85,69,80,54,42,52,Systems Administrator II,architect leading-edge relationships,63.67,"Macejkovic, Walter and Rippin",80,68,58,59,74,57,66
De,b8205h6a,dgeeraert6r@xrea.com,Universidade do Estado do Rio de Janeiro,94,50,87,96,41,65,Internal Auditor,incubate robust web-readiness,72.17,Boehm-Schneider,73,86,88,40,52,73,68.67
Lura,y5390,lginger6s@ftc.gov,"Concordia University, Mequon",61,82,69,86,73,70,Internal Auditor,envisioneer integrated experiences,73.5,DuBuque-Senger,85,51,56,89,81,42,67.33
Francyne,x9770,fpalser6t@apple.com,Ecole Supérieure de Commerce de Lille,55,95,49,92,44,63,Financial Advisor,enhance back-end systems,66.33,Jast-Legros,61,50,57,43,60,67,56.33
Benson,g5986,borteau6u@trellian.com,Al-Imam Mohamed Ibn Saud Islamic University,93,70,69,63,61,47,Social Worker,grow impactful ROI,67.17,Kunde-Veum,61,81,73,66,85,40,67.67
Wait,j3661M9Z,wcoen6v@goo.gl,Altai State Technical University,81,44,57,93,53,72,Payment Adjustment Coordinator,matrix 24/7 e-services,66.67,Breitenberg and Sons,90,52,90,70,88,56,74.33
Daniel,z0763|+,dgrizard6w@edublogs.org,Soongsil University,77,55,49,60,66,45,Structural Engineer,aggregate B2C convergence,58.67,Swaniawski Inc,61,43,54,100,100,98,76
Debra,h2295As3,dkach6x@latimes.com,State University of New York College at Fredonia,83,81,90,63,75,47,Assistant Media Planner,redefine global systems,73.17,"Wolf, Emmerich and Koelpin",54,72,53,94,59,56,64.67
Aubrey,x8577,amayo6y@merriam-webster.com,East-Siberian State Institute of Culture,89,96,100,100,47,99,Budget/Accounting Analyst IV,seize cutting-edge architectures,88.5,Emmerich and Sons,46,49,93,58,72,56,62.33
Emmett,x8862,emalenoir6z@ezinearticles.com,Vali-e-Asr University,73,93,56,74,93,66,Human Resources Assistant I,expedite global vortals,75.83,"McCullough, Maggio and Harvey",71,55,100,62,95,52,72.5
Jo,m0810,jbusfield70@nationalgeographic.com,Novosibirsk State Agricultural University,61,93,43,57,44,53,Assistant Professor,innovate clicks-and-mortar channels,58.5,Spinka-Jacobson,77,60,95,66,42,69,68.17
Francesca,u4796@,fcayet71@shutterfly.com,University of Switzerland,54,79,94,75,97,82,Account Executive,cultivate cutting-edge e-services,80.17,Conroy Inc,87,78,55,75,93,54,73.67
Dulcie,b41705MQ,dohagerty72@quantcast.com,East Kazakhstan State University,43,70,73,51,63,57,Automation Specialist III,syndicate revolutionary architectures,59.5,Okuneva Group,70,88,56,95,99,67,79.17
Hestia,c0925\P1,hthame73@google.ca,Universidade Federal do Rio Grande do Norte,82,79,78,40,54,46,Dental Hygienist,incentivize innovative eyeballs,63.17,Hilll LLC,67,61,100,61,69,80,73
Douglass,q3856,dattenborough74@washingtonpost.com,University of Tirana,68,97,96,55,83,46,Paralegal,redefine 24/7 e-business,74.17,Thompson-Hettinger,54,50,62,48,90,92,66
Kurt,m2450,ksibly75@psu.edu,Chittagong Independent University,49,80,59,53,64,94,Community Outreach Specialist,generate bricks-and-clicks ROI,66.5,Hudson-Bogisich,89,47,95,98,55,44,71.33
Fabe,i0046%1n,flean76@umich.edu,Universidad Ciencias Comerciales,43,61,63,70,69,81,Physical Therapy Assistant,transform bleeding-edge e-markets,64.5,Kulas and Sons,74,74,70,85,53,74,71.67
Chase,z9353,ccalow77@studiopress.com,Sur University College,80,42,63,90,80,43,Community Outreach Specialist,expedite user-centric experiences,66.33,McDermott-Swift,82,44,58,88,100,62,72.33
Julie,t0501,jborzone78@comcast.net,University of Saint Joseph,81,41,52,56,86,54,Programmer II,deliver 24/365 vortals,61.67,Bartoletti-Feest,74,79,64,87,80,74,76.33
Lyman,l9275,lsuddick79@ning.com,University of Foggia,58,73,83,73,75,83,Design Engineer,incubate clicks-and-mortar vortals,74.17,"Hermiston, Walker and Konopelski",70,45,97,41,70,74,66.17
Janna,z7492,jlindro7a@hibu.com,Moorhead State University,56,66,96,61,58,42,Engineer III,reintermediate real-time channels,63.17,Rau Inc,54,56,66,62,48,63,58.17
Cristie,i7798dv,cstit7b@comsenz.com,Universite des Sciences Islamiques de Constantine,81,53,93,54,70,60,Systems Administrator II,synthesize integrated web-readiness,68.5,Okuneva-Stoltenberg,74,74,46,49,47,41,55.17
Asia,v7667,aspatari7c@hp.com,Ethiopian Civil Service University,94,40,82,74,96,41,Registered Nurse,whiteboard one-to-one channels,71.17,Borer-Keebler,88,65,55,98,65,60,71.83
Valentin,y8413,vmcgrorty7d@mail.ru,Planwel University,48,44,86,93,86,70,Web Developer I,facilitate mission-critical e-markets,71.17,"Tromp, Beahan and Padberg",77,76,71,68,55,77,70.67
Broderic,t8258Amp,bmarrion7e@themeforest.net,All Nations University College,100,56,83,43,95,76,Office Assistant III,exploit killer technologies,75.5,Rowe-Ortiz,65,43,60,41,83,74,61
Agneta,z0745y/%,amcbrady7f@telegraph.co.uk,American Jewish University,93,71,61,99,43,56,Systems Administrator I,transform collaborative schemas,70.5,Runolfsdottir and Sons,86,63,66,85,99,41,73.33
Verla,q3003),vowthwaite7g@homestead.com,Miami University of Ohio - Middletown,93,47,67,82,66,74,Chief Design Engineer,orchestrate end-to-end networks,71.5,Davis-Marvin,56,100,61,50,69,40,62.67
Bondy,v7507S,bolliar7h@ustream.tv,Hokusei Gakuen University,68,40,98,57,83,87,Staff Scientist,orchestrate cross-platform communities,72.17,"Jacobson, Farrell and Rogahn",65,95,60,40,68,44,62
Vanna,m5353,vnend7i@de.vu,Liaoning University,41,51,86,68,92,48,Senior Editor,incentivize virtual communities,64.33,Weimann and Sons,56,100,68,76,64,59,70.5
Nikolaus,d5685,nbooler7j@godaddy.com,Universidad Tecnológica Equinoccial,94,100,78,63,80,58,Librarian,synergize end-to-end networks,78.83,Bergstrom Group,91,64,58,73,89,90,77.5
Margaretha,d7795S<,mpasfield7k@ebay.com,Indiana University-Purdue University at Fort Wayne,65,77,68,69,69,43,Legal Assistant,unleash cross-media networks,65.17,McClure-Crooks,88,43,47,90,69,93,71.67
Markos,y8283(F,mloisi7l@godaddy.com,"University of Maine, Augusta",56,60,54,87,76,50,Chief Design Engineer,aggregate integrated communities,63.83,Lind and Sons,99,72,96,94,42,55,76.33
Dev,d654564G,dcasiero7m@japanpost.jp,Florida Southern College,92,50,60,83,57,97,Executive Secretary,deliver killer e-services,73.17,Wisozk Inc,81,75,49,70,62,71,68
Rem,e9595gN,rwoodworth7n@mac.com,Ohio Northern University,54,100,67,95,69,99,Chief Design Engineer,embrace dot-com e-markets,80.67,"Pouros, Cormier and Murray",72,89,50,56,98,96,76.83
Bo,n6895,brootes7o@dailymotion.com,Visvesvaraya National Institute of Technology,46,86,90,91,75,44,Human Resources Assistant II,architect interactive solutions,72,Moore-Gorczany,55,79,55,48,66,70,62.17
Danita,h0986,dlaffan7p@spiegel.de,Weill Medical College of Cornell University,41,89,98,50,67,83,Quality Engineer,deliver magnetic eyeballs,71.33,Mayer Inc,88,56,77,55,89,78,73.83
Doe,x7573,dkobiela7q@tumblr.com,University of Buckingham,48,95,94,41,48,86,Staff Scientist,streamline revolutionary communities,68.67,Auer Inc,77,53,78,47,53,64,62
Engracia,c0622,ewestwell7r@lulu.com,University of Kabianga,88,79,86,59,53,89,Senior Sales Associate,revolutionize best-of-breed e-tailers,75.67,Anderson-Renner,76,59,46,93,63,73,68.33
Devonna,m0368z,dgoodbarr7s@tumblr.com,West Suburban College of Nursing,96,79,90,64,42,44,Marketing Manager,strategize virtual infrastructures,69.17,"Reinger, Gulgowski and Schmidt",98,92,86,59,51,86,78.67
Cecelia,f9188,cpriddle7t@fda.gov,Hakuoh University,82,69,72,41,65,74,Compensation Analyst,e-enable clicks-and-mortar content,67.17,Hahn-Jones,91,86,60,80,46,66,71.5
Lesley,o15650,lmcclosh7u@seesaa.net,Russian State University for the Humanities,57,80,60,83,89,100,Chief Design Engineer,transition granular e-business,78.17,"Flatley, Feest and Balistreri",97,57,79,68,100,48,74.83
Tommie,q191486,tmidgley7v@accuweather.com,Lagos State Polytechnic,50,55,61,43,61,42,Software Test Engineer I,engineer ubiquitous web services,52,"Heaney, Klocko and Beahan",88,47,41,67,64,95,67
Eward,e7450CR,esarch7w@indiegogo.com,Bu Ali Sina University,88,50,74,51,93,41,VP Product Management,streamline plug-and-play methodologies,66.17,Herman-Wyman,57,73,53,93,41,63,63.33
Christabel,n9747w,ccumo7x@nih.gov,Pedagogical University of Krakow,47,47,69,82,42,49,Senior Financial Analyst,orchestrate interactive action-items,56,"O'Kon, McLaughlin and Gleason",88,95,52,84,87,62,78
Mame,e4831,mbucher7y@scribd.com,NAES College,47,62,51,49,98,52,Assistant Professor,evolve B2C models,59.83,Pfeffer and Sons,82,63,62,50,42,53,58.67
Ursa,g3406,uarchley7z@nifty.com,Sun Yat-Sen University of Medical Sciences,71,87,42,55,61,78,Nuclear Power Engineer,streamline bleeding-edge platforms,65.67,Strosin Group,64,60,50,77,55,99,67.5
Maye,e2310,mstiddard80@so-net.ne.jp,Kanazawa College of Economics,99,78,88,47,88,74,Research Nurse,embrace end-to-end e-commerce,79,Leannon-Stamm,93,80,56,90,64,68,75.17
Adelbert,l1637u,arushworth81@imdb.com,Universiti Putra Malaysia,66,97,47,62,44,88,Paralegal,engage scalable supply-chains,67.33,Willms Group,67,64,62,48,80,51,62
Theobald,o9894WO,tkislingbury82@economist.com,Universidad de La Serena,73,51,68,58,68,71,Compensation Analyst,leverage sticky action-items,64.83,"Bruen, Cremin and Langosh",58,100,92,65,88,65,78
Joel,w3783J@(,jpundy83@sakura.ne.jp,Rajarata University of Sri Lanka,92,99,42,86,40,46,VP Sales,aggregate turn-key e-tailers,67.5,Jakubowski-Fadel,77,77,81,74,59,47,69.17
Dita,b4296,dkinane84@guardian.co.uk,Lutheran Bible Institute of Seattle,66,51,50,49,88,99,VP Marketing,syndicate interactive systems,67.17,"Mann, Wilderman and Hodkiewicz",64,40,91,84,87,81,74.5
Lynnet,y1380|#,lwhatsize85@washingtonpost.com,Al Azhar University,57,87,100,89,88,95,Quality Engineer,cultivate one-to-one architectures,86,Wilkinson Inc,73,98,44,60,80,68,70.5
Iolanthe,z6641,iaronowicz86@wikimedia.org,Ecole Nationale Supérieure d'Ingénieurs en Mécanique et Energétique de Valenciennes,95,72,57,71,56,48,Environmental Tech,visualize compelling partnerships,66.5,Hansen-Daniel,44,46,73,68,87,64,63.67
Marci,z0574,mmacwhan87@csmonitor.com,Ajayi Crowther University,83,54,99,55,40,94,Librarian,repurpose real-time experiences,70.83,Doyle-Kautzer,56,51,53,93,63,72,64.67
Malinda,y9455|A,mwestfield88@mashable.com,Ecole Catholique d'Arts & Metiers,86,71,90,79,98,61,Software Consultant,scale magnetic models,80.83,Kutch Group,66,64,57,92,93,44,69.33
Nickolaus,f0870?!,nfeeney89@booking.com,"University of the West Indies, Mona",55,50,53,71,65,63,Programmer I,envisioneer clicks-and-mortar web services,59.5,Blick Group,49,90,79,89,69,58,72.33
Bordy,e79358,bforgan8a@zimbio.com,Leon Kozminski Academy of Entrepreneurship and Mangement,52,77,83,57,74,91,Human Resources Manager,incubate B2B bandwidth,72.33,Mayert-Stroman,95,56,59,59,64,96,71.5
Griffy,w4962,gkynvin8b@fastcompany.com,Daebul University,91,45,64,54,91,68,Senior Developer,deliver collaborative methodologies,68.83,Nolan-Medhurst,44,61,67,91,59,41,60.5
Sigfried,v9189D,sdonati8c@nyu.edu,Nalanda Open University,94,95,73,75,97,66,Technical Writer,utilize bleeding-edge web services,83.33,"Hackett, Sanford and Torp",62,94,59,44,71,99,71.5
Elna,u5997,eurey8d@indiegogo.com,Escuela Politécnica del Ejercito,63,79,56,77,52,48,Tax Accountant,scale 24/365 communities,62.5,Bode LLC,70,81,75,82,75,53,72.67
Moyna,w9765,msapwell8e@fotki.com,Fachhochschule Nordostniedersachsen,83,53,68,86,96,56,Statistician I,redefine user-centric applications,73.67,"Jacobs, Mertz and Windler",43,86,89,70,60,87,72.5
Taddeusz,i8258,tbendixen8f@constantcontact.com,University of Dallas,66,100,48,87,68,91,Health Coach I,morph interactive paradigms,76.67,Kris Inc,62,92,69,81,69,51,70.67
Alexia,f1273K,amoynihan8g@soundcloud.com,Universidade Católica de Moçambique,88,65,91,50,94,79,Biostatistician III,leverage turn-key initiatives,77.83,Cormier Inc,46,100,97,67,53,83,74.33
Waylon,"h5416q,",wsnibson8h@examiner.com,Université de Douala,72,88,87,98,42,64,Accounting Assistant IV,implement bricks-and-clicks methodologies,75.17,"Schaefer, Stokes and Brakus",57,67,70,43,99,51,64.5
Gwendolyn,m3769289,gnutting8i@elegantthemes.com,University of Wisconsin - Green Bay,99,48,80,60,97,79,Statistician I,transition viral e-commerce,77.17,Price-Paucek,45,86,53,64,93,55,66
Kin,p4978,kdominighi8j@prnewswire.com,Maritime University in Szczecin,57,99,57,77,64,79,Research Associate,transition synergistic metrics,72.17,Rau-Abbott,55,56,68,80,52,80,65.17
Daisy,q2590(/,diban8k@epa.gov,Tsuru University,90,53,89,81,49,76,Project Manager,synthesize innovative functionalities,73,"Purdy, Howell and Crist",63,95,77,48,52,64,66.5
Magdalen,y1716m,mgonnet8l@theatlantic.com,Ecole Nationale de la Météorologie,65,44,43,40,48,79,Media Manager II,embrace clicks-and-mortar experiences,53.17,Yost-Strosin,96,72,52,48,81,49,66.33
Emelyne,s3651,econquer8m@cloudflare.com,Nihon Fukushi University,95,73,70,93,58,44,Business Systems Development Analyst,drive cross-media vortals,72.17,Ryan LLC,78,56,99,80,54,96,77.17
Evelyn,c9066/,eclapton8n@icq.com,"Technische Fachhochschule Georg Agricola für Rohstoff, Energie und, Umwelt zu Bochum",92,77,85,89,70,56,Assistant Media Planner,whiteboard next-generation architectures,78.17,"Marquardt, Gleichner and Frami",67,85,92,77,45,55,70.17
Trudy,e7966as,ttumber8o@google.es,University of Tehran,49,69,73,83,55,74,Sales Associate,extend front-end models,67.17,"Rutherford, Rutherford and Mohr",52,52,71,72,67,96,68.33
Kelcie,n7614,krantoul8p@rediff.com,Victoria International University,93,79,66,100,52,69,VP Accounting,architect next-generation systems,76.5,Cummerata and Sons,85,96,88,71,45,65,75
Lenee,x4203,lmcphee8q@sphinn.com,Yunnan University,50,75,98,48,49,79,Computer Systems Analyst II,target leading-edge applications,66.5,Dickinson-Steuber,81,69,89,75,63,84,76.83
Aylmer,y4333,aseden8r@jalbum.net,Assam Agricultural University,77,71,62,90,90,62,Electrical Engineer,utilize end-to-end web-readiness,75.33,"Bins, Mayer and Ebert",95,48,87,65,87,59,73.5
Natal,m6262y,nbubb8s@google.de,Carl von Ossietzky Universität Oldenburg,86,71,85,42,44,94,Human Resources Assistant III,morph impactful markets,70.33,"Goodwin, Hilpert and Quitzon",92,96,59,86,46,48,71.17
Casey,j5436,caisman8t@canalblog.com,University of Tulsa,46,92,69,93,65,40,Sales Associate,harness wireless convergence,67.5,Kessler Inc,82,76,56,61,40,82,66.17
Cherice,s1291,cmathwin8u@eventbrite.com,Willamette University,42,74,48,81,85,99,Recruiter,iterate cutting-edge ROI,71.5,Stracke Group,91,87,77,90,92,70,84.5
Ingrid,o0959dx,ibottby8v@nifty.com,Oakwood College,54,56,73,42,59,69,Nurse,architect robust users,58.83,Ledner Inc,74,50,91,84,68,57,70.67
Winfred,u9984c,wwimms8w@uol.com.br,Danish Business Academy,42,87,42,88,54,74,Clinical Specialist,target 24/365 interfaces,64.5,Gutmann and Sons,62,92,60,45,97,76,72
Mill,m1692W_,mwhitlock8x@sina.com.cn,Universitas Bojonegoro,98,48,45,99,78,50,Quality Control Specialist,innovate ubiquitous e-services,69.67,"Fadel, Towne and Hoeger",93,73,80,97,54,52,74.83
Roldan,m9506I,rvankin8y@npr.org,Karaganda State Buketov University,72,98,57,64,47,47,Senior Editor,envisioneer dot-com initiatives,64.17,Olson-Deckow,91,48,59,73,80,87,73
Henrieta,s52062,hcrawley8z@amazon.de,Fachhochschule Gelsenkirchen,56,43,67,87,91,65,Physical Therapy Assistant,reintermediate B2B e-commerce,68.17,"Raynor, Jaskolski and DuBuque",77,83,73,79,87,56,75.83
Elna,d5052,ekinforth90@berkeley.edu,Eindhoven University of Technology,41,80,57,62,50,63,Internal Auditor,expedite revolutionary channels,58.83,Sporer LLC,54,66,71,89,41,88,68.17
Margareta,g0859#|,mgribbin91@cmu.edu,Dublin City University,65,54,69,50,76,40,Nurse,seize visionary solutions,59,O'Conner LLC,55,96,96,78,98,47,78.33
Shirleen,y9167,stour92@vistaprint.com,Greenford International University,83,61,84,52,76,62,Legal Assistant,enhance dot-com deliverables,69.67,"Pagac, Ferry and Boyer",92,45,99,47,63,53,66.5
Daryn,l9351<q,dpython93@pbs.org,Pukyong National University,51,81,97,78,61,60,Technical Writer,integrate impactful metrics,71.33,Leffler-Hamill,57,50,77,58,75,77,65.67
Lorenzo,q0953,lporch94@nydailynews.com,Free University (Virginia Theological University),78,87,69,56,58,86,Assistant Professor,generate interactive architectures,72.33,Hettinger-Nolan,89,96,45,59,90,93,78.67
Weber,z1165,wedgler95@cisco.com,University of East Asia,67,61,89,40,99,41,Product Engineer,empower interactive content,66.17,Howell and Sons,54,85,66,91,45,75,69.33
Jacquelin,p2926,jbeevens96@comcast.net,Obirin University,71,97,71,61,68,66,Tax Accountant,mesh innovative synergies,72.33,Bergstrom-Feest,44,62,59,71,92,87,69.17
Meredith,s4286,mcolthard97@github.io,Jones College,46,49,66,97,92,91,Product Engineer,whiteboard enterprise functionalities,73.5,Kemmer LLC,58,56,71,93,79,70,71.17
Riobard,p8097<,rcaghan98@networkadvertising.org,Perak Islamic College,47,83,66,75,99,96,Business Systems Development Analyst,iterate synergistic synergies,77.67,Williamson-Shanahan,70,62,71,60,98,48,68.17
Chloe,i7740,cyashin99@dropbox.com,Université de Yaoundé I,42,86,43,89,92,95,Information Systems Manager,matrix compelling channels,74.5,Halvorson Inc,77,54,91,55,51,78,67.67
Ricki,p3377hly,rabby9a@house.gov,Letourneau University,92,89,81,84,86,46,Director of Sales,cultivate ubiquitous supply-chains,79.67,"Pfannerstill, McDermott and Stoltenberg",77,43,44,61,46,83,59
Gayleen,w46202S`,gscullion9b@skype.com,Newberry College,44,62,71,47,53,55,Assistant Manager,facilitate proactive architectures,55.33,Boyle-Goodwin,78,77,50,53,93,76,71.17
Pattie,i4433Z,pwaudby9c@squarespace.com,Fuzhou University,98,40,69,69,65,79,Human Resources Manager,syndicate magnetic web services,70,Renner and Sons,94,82,82,57,66,66,74.5
Marieann,w4474&ix,mbrownbill9d@vinaora.com,Nagoya University of Commerce and Business Administration,92,87,63,47,71,90,Accountant I,engage efficient markets,75,Stehr LLC,83,99,59,83,43,86,75.5
Tobe,"p0986I,J",tharbertson9e@fema.gov,University of Bahrain,43,42,100,94,61,85,Assistant Professor,reintermediate front-end vortals,70.83,Bode Group,100,54,74,65,57,47,66.17
Karina,x7458,kchastelain9f@cbc.ca,University of the Punjab,69,55,75,90,87,91,Tax Accountant,leverage collaborative eyeballs,77.83,"Gutkowski, Wilkinson and Hoppe",50,54,91,81,60,81,69.5
Kristen,j7723cvh,kpeltz9g@mit.edu,Kuching Polytechnic,60,54,92,89,94,72,Account Representative II,grow web-enabled mindshare,76.83,Welch-Boehm,47,82,75,83,47,90,70.67
Alisander,q64664QK,adax9h@a8.net,Hochschule für Technik und Wirtschaft Karlsruhe,67,96,58,41,94,98,Financial Advisor,unleash bricks-and-clicks initiatives,75.67,Daniel-Jenkins,80,80,54,66,79,98,76.17
Riobard,"b8445""U",rackeroyd9i@upenn.edu,Dalian Medical University,79,68,46,66,63,100,Electrical Engineer,unleash dot-com infrastructures,70.33,Thiel-Erdman,74,79,65,50,60,43,61.83
Zelda,d7071x4k,zfaherty9j@bloglines.com,Zhejiang Sci-Tech University ,54,89,81,65,56,49,Web Designer III,evolve enterprise synergies,65.67,"White, Bradtke and Schaefer",53,43,49,72,89,45,58.5
Kristi,w2738,kchupin9k@usda.gov,"Swiss Federal Institute of Technology, Zurich",63,70,95,95,42,96,Geological Engineer,exploit granular bandwidth,76.83,Pfannerstill and Sons,64,87,42,72,74,69,68
Edouard,q9732%`0,egraham9l@jiathis.com,Universidade Estadual do Ceará,62,59,98,98,94,74,Sales Associate,optimize bleeding-edge supply-chains,80.83,Halvorson-Kovacek,53,96,84,85,90,59,77.83
Milty,i2222eZ,mnewbery9m@sakura.ne.jp,Dumlupinar University,52,77,71,73,40,68,Executive Secretary,empower strategic e-services,63.5,McKenzie-Flatley,70,59,91,45,55,54,62.33
Roddie,m5931!X,rkellaway9n@yahoo.com,Algonquin College,95,77,64,75,89,52,Software Test Engineer IV,utilize virtual communities,75.33,Kuhic-Schuster,83,43,81,86,88,62,73.83
Cornelius,c0387GGk,csibbe9o@woothemes.com,Crawford University ,94,83,43,54,48,50,Geologist IV,envisioneer strategic methodologies,62,"Casper, Bins and Ward",88,63,80,54,80,68,72.17
Dyna,o1546,dsatch9p@about.me,Universidad de Salamanca,69,42,58,100,90,67,Speech Pathologist,exploit dynamic methodologies,71,Pacocha Inc,43,68,53,69,84,67,64
Holly,l3791,hleprevost9q@edublogs.org,Thi Qar University,61,49,78,80,84,47,Research Assistant IV,reinvent efficient initiatives,66.5,Kuhn-Weissnat,54,73,95,89,75,41,71.17
Shelli,d1033,smangion9r@a8.net,Cardinal Stefan Wyszynski University in Warsaw,94,91,51,100,97,55,Accounting Assistant II,synergize 24/365 architectures,81.33,"Marquardt, Fahey and DuBuque",59,99,42,60,66,42,61.33
Abel,m9653,agosart9s@craigslist.org,Shanghai Normal University,55,77,41,51,57,46,Senior Cost Accountant,leverage wireless interfaces,54.5,Crona-Conn,46,54,84,66,64,50,60.67
Winny,g3827Cz1,wlindermann9t@merriam-webster.com,Columbia Union College,68,93,50,69,50,71,Biostatistician IV,productize strategic bandwidth,66.83,Bauch and Sons,62,47,86,67,67,79,68
Alvin,g4370,abenson9u@ameblo.jp,University of the West Indies St. Augustine,72,74,55,72,42,52,Recruiting Manager,maximize back-end e-tailers,61.17,Reynolds-Schroeder,45,46,87,68,88,43,62.83
Rafa,v2831@#k,rpeasee9v@dailymail.co.uk,University of Sudbury,84,50,100,49,76,77,Actuary,grow magnetic e-services,72.67,"Kuhic, Raynor and Stanton",90,89,59,49,85,56,71.33
Pauletta,j3957a`,phardacre9w@surveymonkey.com,MCI-Management Center Innsbruck,85,75,67,50,46,86,Staff Accountant I,evolve e-business synergies,68.17,Dare-Conroy,93,90,51,92,82,87,82.5
Gayle,j2485g'z,gdurkin9x@de.vu,Edinboro University of Pennsylvania,99,46,65,42,87,61,Associate Professor,cultivate enterprise e-markets,66.67,Volkman-Stehr,90,46,93,64,49,79,70.17
Amber,h5873F,afarrow9y@bluehost.com,Bhupendra Narayan Mandal University,60,53,66,79,65,86,Media Manager II,streamline dot-com applications,68.17,"Hettinger, Balistreri and Satterfield",95,75,49,63,70,79,71.83
Moss,v8810<~Z,malston9z@cdc.gov,Hokkaigakuen University of Kitami,59,64,62,76,79,90,Geological Engineer,synthesize leading-edge e-commerce,71.67,Marquardt and Sons,40,94,50,69,46,55,59
Antonina,d7134,alangmana0@ning.com,Kotelawala Defence University,100,75,52,52,99,96,Financial Analyst,mesh synergistic vortals,79,"Rath, Abbott and Altenwerth",58,47,54,54,96,73,63.67
Arlyn,z0317,aornellsa1@github.io,Université Paris-Sorbonne (Paris IV),50,41,63,76,52,83,Design Engineer,deploy magnetic paradigms,60.83,"Gutmann, Gusikowski and Daniel",59,50,95,78,96,72,75
Chane,u3163,cternea2@friendfeed.com,Baku State University,43,53,71,55,53,40,Dental Hygienist,utilize revolutionary eyeballs,52.5,Lang Group,81,83,89,72,65,52,73.67
Lonni,p6224f_,layrea3@blinklist.com,Ibn Sina National College for Medical Studies ,100,99,58,82,78,85,Software Engineer I,enhance value-added e-markets,83.67,McDermott-Zieme,74,59,84,46,41,53,59.5
Ty,t0269Kz,tzapatera4@apache.org,Cross River University of Science and Technology,81,85,42,56,62,74,Senior Financial Analyst,syndicate rich content,66.67,"Block, Tromp and Reynolds",62,54,91,97,90,46,73.33
Arturo,y6703|a,ablasa5@boston.com,University of Brunei Darussalam,88,42,51,92,40,52,Web Developer II,incubate collaborative vortals,60.83,Heaney Group,62,40,66,67,69,56,60
Clive,n6376,chayleya6@canalblog.com,Universidad Autónoma de Chapingo,52,43,94,66,66,69,Help Desk Operator,e-enable world-class markets,65,Reynolds-Welch,82,76,53,77,71,81,73.33
Quintin,n5523,qrobrowa7@istockphoto.com,Universidad Privada Franz Tamayo (UNIFRANZ),83,40,51,85,85,40,Geological Engineer,leverage cross-media experiences,64,Powlowski-Murray,61,94,62,44,61,83,67.5
Stacy,j8487,sspeermana8@economist.com,Rollins College,95,99,92,68,89,72,Operator,envisioneer distributed niches,85.83,Upton Inc,85,55,48,72,64,95,69.83
Lanae,i4428,lledranea9@ibm.com,Universidad Nacional Siglo XX Llallagua,95,80,100,52,43,48,Executive Secretary,implement B2C architectures,69.67,O'Hara LLC,42,84,81,74,46,42,61.5
Winn,h2431ldo,wwhybrayaa@instagram.com,Osaka University of Economics,81,41,82,89,43,42,Office Assistant III,incubate seamless action-items,63,"Hahn, VonRueden and O'Keefe",68,95,93,51,53,70,71.67
Odele,n0397m,ofusseyab@aboutads.info,Ecole Supérieure de Commerce de Toulouse,40,79,92,64,59,71,Social Worker,morph efficient solutions,67.5,Pouros and Sons,79,90,68,77,53,92,76.5
Ryann,w2212H$t,rmcmurtyac@a8.net,Tata Institute of Social Sciences,89,47,78,76,60,56,Database Administrator II,expedite cross-platform e-business,67.67,Osinski-Sanford,66,75,42,97,51,75,67.67
Rolf,z1786mr_,rvannucciad@godaddy.com,Hogeschool voor Wetenschap & Kunst,79,47,79,55,50,95,Quality Engineer,engage frictionless markets,67.5,"Kunde, Gerlach and Grant",58,84,88,63,97,70,76.67
Nikolas,"g2959C""",ngringleyae@ucoz.ru,O'More College of Design,47,81,58,73,66,81,Computer Systems Analyst III,monetize bricks-and-clicks infomediaries,67.67,Becker Inc,99,91,50,77,51,40,68
Lewes,d0306,ladnettaf@mac.com,Curtin University of Technology,60,94,79,98,93,63,Operator,envisioneer efficient eyeballs,81.17,Hayes-Kovacek,58,50,43,100,75,76,67
Heriberto,e3148,hchapelhowag@yellowbook.com,"Royal Danish Academy of Fine Arts, School of Visual Art",63,52,49,69,73,100,Physical Therapy Assistant,facilitate viral portals,67.67,"Roberts, Buckridge and Muller",47,70,69,51,85,52,62.33
Silvio,x2287%a,sohowbaneah@clickbank.net,Veterinärmedizinische Universität Wien,71,79,70,42,70,55,Assistant Manager,revolutionize open-source e-business,64.5,"Strosin, Aufderhar and Ankunding",41,91,52,97,61,72,69
Merrile,t7945HB,mlamperdai@slideshare.net,University Institute of Architecture Venice,58,51,96,53,64,83,Social Worker,monetize robust solutions,67.5,Marquardt and Sons,53,83,97,99,77,69,79.67
Livvie,y1450vA,ladderleyaj@nasa.gov,Université d'Evry Val d'Essonne,66,80,79,40,44,83,Professor,transition enterprise infomediaries,65.33,Hickle Inc,59,55,81,59,79,63,66
Maryann,a2420,mgreavesak@google.com.br,Tohoku Fukushi University,80,46,77,47,92,45,Marketing Manager,innovate dynamic portals,64.5,"Hilll, MacGyver and Wehner",100,82,54,75,75,92,79.67
Brew,b2622,bbevingtonal@reference.com,Internationale Fachhochschule Aalen,63,74,48,57,79,62,Graphic Designer,whiteboard leading-edge schemas,63.83,Huels and Sons,96,55,81,99,86,98,85.83
Brigitte,f7333_V,bingreyam@gov.uk,Great Lakes Christian College,51,58,85,42,83,44,Research Nurse,cultivate compelling action-items,60.5,"Marks, O'Keefe and Effertz",84,78,100,95,62,83,83.67
Pennie,h6487(X_,pdobsonsan@ocn.ne.jp,Ashton College,51,75,61,100,92,45,Dental Hygienist,embrace mission-critical deliverables,70.67,Turcotte-Kirlin,80,73,46,65,56,43,60.5
Milton,t7921nw,mtomkinsonao@dagondesign.com,King Saud University,48,82,72,53,85,51,Assistant Manager,exploit best-of-breed platforms,65.17,Cartwright-Padberg,69,69,79,46,47,62,62
Hanan,n85270Q+,hfraschettiap@weibo.com,International Theravada Buddhist Missionary University,70,59,90,90,51,63,Research Assistant IV,iterate front-end vortals,70.5,"Kassulke, Corkery and Zulauf",75,54,61,40,88,54,62
Calla,y10512\#,cponcetaq@answers.com,Shippensburg University of Pennsylvania,69,80,69,79,64,95,Quality Engineer,synthesize vertical supply-chains,76,"Wehner, Kemmer and Green",68,90,70,49,73,90,73.33
Ryan,u4933gRc,rhillabyar@imgur.com,Instituto Superior de Psicologia Aplicada,83,69,69,100,44,46,Biostatistician IV,iterate holistic web-readiness,68.5,Kautzer-Breitenberg,76,47,54,75,65,65,63.67
Elliot,e0911&A,eenriettoas@huffingtonpost.com,West Coast University,92,80,82,81,60,59,Electrical Engineer,leverage integrated eyeballs,75.67,"Johnson, Gleason and Moore",51,87,97,99,81,45,76.67
Emmy,o1576,efearnleyat@ask.com,Kharkiv National University of Radio Electronics,100,99,61,49,72,96,Staff Scientist,repurpose out-of-the-box paradigms,79.5,Schuster Group,99,54,62,76,44,44,63.17
Billie,l6183,browlsonau@goodreads.com,Universidad Autónoma de Ciudad Juárez,48,86,70,52,45,73,Desktop Support Technician,enable innovative mindshare,62.33,Kautzer and Sons,100,45,66,72,54,52,64.83
Westbrooke,a7001cn,waustwickav@webnode.com,Ecole Nationale Supérieure Electricité et Mécanique,98,41,79,41,62,43,General Manager,innovate vertical mindshare,60.67,"Mraz, Renner and Johnson",40,63,54,58,70,89,62.33
Prinz,a4505yE,ptayspellaw@nymag.com,Darul Huda Islamic University,41,63,92,55,74,92,Human Resources Assistant IV,drive cutting-edge convergence,69.5,Nicolas Inc,58,57,57,75,95,91,72.17
Regina,e0312`j,rvyseax@rambler.ru,University of Wisconsin - Platteville,75,88,54,68,64,65,Teacher,redefine e-business portals,69,West-Kovacek,70,94,83,42,62,69,70
Padgett,a0036?),pmoortonay@slate.com,King Mongkut's University of Technology Ladkrabang,89,94,53,57,81,51,Social Worker,evolve sexy mindshare,70.83,"Raynor, McCullough and Cruickshank",59,99,100,49,61,80,74.67
Cyrill,y5285d),cbrunsdenaz@ft.com,"University of Toronto, Scarborough",46,80,51,97,100,80,Human Resources Manager,implement global infomediaries,75.67,Hegmann-Langosh,86,77,80,57,42,91,72.17
Carleen,g3592,cstaniforthb0@behance.net,Universidad Católica de Santa Fé,59,92,93,92,64,55,Sales Representative,expedite granular systems,75.83,Greenfelder-Russel,55,61,62,65,93,93,71.5
Thornie,m1610lXG,tbacksonb1@lulu.com,St. Luke' s College of Nursing,64,51,44,95,73,76,Paralegal,whiteboard granular channels,67.17,"Rolfson, Monahan and Pfeffer",84,96,58,95,95,65,82.17
Reg,v3454=h?,rseyfartb2@shareasale.com,Indian Institute of Information Technology,71,63,89,75,67,67,Help Desk Technician,syndicate strategic solutions,72,"Schinner, Franecki and Larson",85,65,53,60,54,42,59.83
Katya,m7176,kcauseyb3@usa.gov,Hochschule für Internationales Management,71,53,57,41,84,72,Payment Adjustment Coordinator,architect dot-com architectures,63,Upton Group,40,44,80,54,73,46,56.17
Angelia,i2505,awerendellb4@devhub.com,Université Sorbonne-Nouvelle (Paris III),45,45,77,78,63,66,Director of Sales,innovate sexy markets,62.33,Heathcote LLC,58,96,84,62,47,87,72.33
Bruno,e83981mH,bgrubbb5@stumbleupon.com,Universidad Nacional Autónoma de México,100,73,94,61,75,100,Cost Accountant,enable proactive web-readiness,83.83,"Roob, Larson and Hessel",67,99,52,58,51,95,70.33
Rodolph,j3811qg?,rgraveb6@arstechnica.com,Ecole Nationale Supérieure Electricité et Mécanique,96,46,61,99,60,50,Geological Engineer,visualize front-end initiatives,68.67,Nolan-Jacobson,65,75,81,60,67,100,74.67
Shirleen,z9759KYv,shavocb7@washingtonpost.com,Widener University,61,62,50,46,70,94,Actuary,generate next-generation vortals,63.83,Balistreri-Murray,45,41,58,49,46,77,52.67
Letizia,y4001/,lmcgrirlb8@tmall.com,Gifu University,83,81,51,70,73,41,Senior Developer,redefine dynamic schemas,66.5,Kub LLC,86,45,52,95,75,77,71.67
Emmanuel,a9231J,edurdyb9@bloglovin.com,Ryukoku University,82,46,62,66,62,59,Assistant Media Planner,streamline back-end channels,62.83,"Bednar, Carter and Hoppe",81,40,72,90,41,90,69
Helga,n1474M,hparoniba@utexas.edu,Fachhochschule Mainz,93,65,73,59,58,78,Geologist II,orchestrate next-generation eyeballs,71,Schamberger Inc,74,92,78,94,52,42,72
Elvis,o0455UC,ecrichtenbb@icq.com,Medical College of Ohio,40,75,83,87,58,46,Graphic Designer,transform rich technologies,64.83,Kutch Group,98,74,75,67,100,58,78.67
Remington,q8840vgW,rparellbc@theglobeandmail.com,University of the Philippines Los Banos,62,72,54,62,54,43,Nurse Practicioner,redefine world-class e-services,57.83,"Morissette, Prosacco and Heller",98,92,48,81,80,75,79
Ulysses,m8046?{$,uknapmanbd@virginia.edu,University of Zimbabwe,98,47,100,79,94,93,Legal Assistant,deliver compelling functionalities,85.17,Kerluke-Bahringer,99,48,63,51,90,81,72
Eunice,b0137#',elillebe@microsoft.com,St. Edwards University,73,56,90,67,79,96,Design Engineer,drive virtual e-markets,76.83,"Waelchi, Prohaska and Considine",50,56,81,41,55,44,54.5
Kristi,o7409',kwakerleybf@shinystat.com,Université de Sétif,52,44,78,77,100,51,Research Assistant II,extend customized users,67,"Romaguera, Ziemann and Bauch",94,99,88,65,74,65,80.83
Vonny,x3467X@g,vperotbg@mashable.com,"Universidad Internacional SEK, Quito",45,91,71,67,64,92,VP Sales,unleash customized channels,71.67,Dickens LLC,95,98,59,100,42,56,75
Eran,o7789\9P,eostridgebh@sun.com,Franklin University,59,71,63,43,96,51,Chemical Engineer,empower granular web-readiness,63.83,Stamm Inc,97,56,99,86,97,90,87.5
Jozef,d0510x?E,jneilsonbi@whitehouse.gov,RMIT International University Vietnam,63,51,86,83,62,96,Financial Analyst,deploy plug-and-play e-commerce,73.5,Rosenbaum Group,90,59,58,62,67,67,67.17
Bridie,w9729th,bgoldthorpebj@alibaba.com,"Philosophisch-Theologisches Studium Erfurt, Staatlich anerkannte Wissenschaftliche Hochschule",60,76,83,64,86,63,Safety Technician II,facilitate proactive applications,72,"Jacobi, Bins and Nolan",95,75,41,53,75,72,68.5
Lisette,x5853,lstentonbk@youku.com,Universidad Autónoma de Nuevo León,69,40,59,47,91,73,Geological Engineer,recontextualize synergistic networks,63.17,"Hills, Simonis and Crist",94,88,89,84,60,40,75.83
Katleen,o9600UiY,klearbl@forbes.com,Massachusetts School of Professional Psychology,73,40,70,75,83,56,Staff Accountant IV,facilitate viral niches,66.17,Langosh-Walsh,96,64,96,42,93,83,79
See,q8268,snurcombebm@odnoklassniki.ru,Osaka Institute of Technology,70,71,90,71,92,41,Human Resources Manager,iterate front-end deliverables,72.5,Haag Inc,96,85,67,97,57,62,77.33
Arielle,g5149@if,adambrogiobn@boston.com,St. Petersburg State Institute of Technology (Technological University),98,58,74,62,65,60,Physical Therapy Assistant,visualize robust convergence,69.5,"Mante, Schmidt and Labadie",49,76,77,54,91,72,69.83
Janaye,d6493,jmusellibo@cmu.edu,Irkutsk State University,44,49,69,89,91,63,Human Resources Manager,exploit proactive metrics,67.5,"Prosacco, Gutkowski and Sipes",65,96,77,51,97,83,78.17
Andros,q5060,arewbottombp@opensource.org,Yakutsk State University,76,49,63,69,68,74,Programmer IV,e-enable strategic channels,66.5,Gutkowski-Larson,54,44,98,46,74,100,69.33
Katrinka,z9899,kchartrebq@squarespace.com,Hiiraan University,64,66,46,55,94,94,Office Assistant IV,enable integrated systems,69.83,"Stiedemann, Wyman and Cummings",67,54,55,65,67,41,58.17
Fredrick,g9215,fgerckensbr@reuters.com,Russian-Armenian (Slavonic) State University,86,84,72,97,47,56,Chief Design Engineer,exploit synergistic solutions,73.67,Herzog Group,79,82,86,58,85,42,72
Freddi,u1888Pu},fgarradbs@telegraph.co.uk,California College of Arts and Crafts,41,56,51,55,49,81,Quality Engineer,benchmark interactive experiences,55.5,"Orn, Mosciski and Tillman",92,42,92,56,84,81,74.5
Norbie,l4229s=,npfeufferbt@jiathis.com,Shanghai Institue of Foreign Trade,48,68,82,88,68,81,VP Sales,innovate visionary networks,72.5,"Adams, Kozey and Sawayn",63,93,87,100,94,49,81
Burch,v9185,bperebu@blogs.com,Preston University,88,72,77,79,63,69,Health Coach II,empower enterprise platforms,74.67,Douglas-Brakus,54,47,82,58,74,47,60.33
Ardella,v3088,aivanbv@behance.net,Lakshmibai National Institute of Physical Education,44,53,42,89,86,80,Research Associate,whiteboard magnetic relationships,65.67,Grady-Kovacek,55,79,94,65,41,68,67
Cynthy,x7187L__,ctheakerbw@independent.co.uk,Towson University,46,92,46,91,79,92,Senior Quality Engineer,deliver robust applications,74.33,"Roberts, Waelchi and Jaskolski",52,55,88,43,48,68,59
Luce,y1857TBP,lodriscollbx@mail.ru,Nagasaki Prefectural University,58,79,40,97,83,93,Chief Design Engineer,mesh wireless e-business,75,Daugherty and Sons,46,47,68,100,89,64,69
Rahal,v1970LPq,rgreenby@umich.edu,Cumberland University,58,91,52,68,99,90,Senior Quality Engineer,streamline back-end infrastructures,76.33,Blanda-Borer,71,89,98,42,65,96,76.83
Jenelle,g1112,jlyfordbz@bigcartel.com,Saint Mary's University,72,68,57,52,71,64,Account Coordinator,mesh B2B eyeballs,64,"Thiel, Hammes and Kautzer",60,50,64,47,84,47,58.67
Meggie,b2522qa,mbetunc0@kickstarter.com,University of Tirana,52,48,65,77,98,41,Clinical Specialist,generate one-to-one e-tailers,63.5,"Rempel, Sipes and Bailey",60,42,78,42,61,56,56.5
Happy,z5956,hfritchleyc1@buzzfeed.com,Ruhr-Universität Bochum,52,61,53,82,43,96,Research Assistant II,leverage collaborative channels,64.5,Rippin-Willms,70,88,71,89,87,92,82.83
Eleni,j5755!d,ewarriorc2@friendfeed.com,Medcenter One College of Nursing,71,74,47,87,75,69,Internal Auditor,redefine back-end portals,70.5,"King, Toy and Herman",91,99,88,62,91,87,86.33
Lizette,u3122ZO,llucioc3@webmd.com,Southern New Hampshire University,99,85,93,59,74,47,Tax Accountant,deliver wireless models,76.17,Moore Inc,72,80,60,90,67,46,69.17
Waylan,y4131&+,wwhitechurchc4@wix.com,"University of Wales, Swansea",48,99,95,90,52,41,Compensation Analyst,envisioneer bleeding-edge metrics,70.83,Bayer-Kuhlman,57,59,90,97,83,55,73.5
Ira,o3707,iputleyc5@economist.com,Fachhochschule Nordhessen,97,99,52,60,64,50,Software Engineer III,evolve granular content,70.33,"Strosin, Donnelly and Bailey",75,99,71,89,67,43,74
Garv,o2403D4,ghakingc6@dell.com,Cape Peninsula University of Technology,40,95,60,77,89,48,Physical Therapy Assistant,transition intuitive architectures,68.17,Glover and Sons,41,85,100,54,53,51,64
Carolyne,h0999|zK,cmanktelowc7@furl.net,St. Meinrad College,69,88,62,58,97,81,Structural Engineer,engage dynamic metrics,75.83,"Nitzsche, Waelchi and Lebsack",55,55,65,61,87,44,61.17
Krispin,l3957<%9,kfaltskogc8@cisco.com,Eelo American University,100,76,68,95,61,93,Senior Developer,matrix innovative web services,82.17,Walsh-Aufderhar,47,54,77,65,55,89,64.5
Nancey,f1849,ndeboickc9@nps.gov,University of Management & Technology,95,87,42,46,94,99,Chemical Engineer,utilize impactful partnerships,77.17,Corkery Inc,63,83,60,62,73,60,66.83
Veronica,a4998,vcadneyca@columbia.edu,Barry University,56,73,99,52,82,96,Executive Secretary,harness rich e-services,76.33,"Quitzon, Keebler and Prosacco",56,49,86,71,41,69,62
Iosep,e8045),iewolscb@nifty.com,Free University of Tbilisi,67,68,95,71,81,50,Sales Representative,scale compelling functionalities,72,Upton LLC,59,90,99,80,75,79,80.33
Ingeberg,c7210+t3,ipricecc@bbb.org,Nova Southeastern University,50,96,78,42,53,48,Compensation Analyst,transition turn-key technologies,61.17,Smith-Hagenes,92,41,84,55,67,87,71
Powell,e8186*,pklugercd@behance.net,Azad Jammu and Kashmir University,51,69,62,68,83,51,Research Associate,orchestrate bricks-and-clicks channels,64,Torp-Daugherty,69,92,85,52,84,42,70.67
Reggie,x9614Y,rgrintce@sohu.com,Catholic University of Korea,60,41,66,42,82,88,VP Product Management,whiteboard bricks-and-clicks partnerships,63.17,Hessel-Langosh,67,93,86,72,42,93,75.5
Lanny,p3203,llowescf@answers.com,Aomori University,90,97,90,92,81,73,GIS Technical Architect,implement open-source metrics,87.17,Ziemann Group,52,47,58,94,71,46,61.33
Wynn,e3531)|,wmuehlecg@twitpic.com,Universidad de Valencia,60,48,87,99,76,52,Community Outreach Specialist,leverage open-source infomediaries,70.33,Quigley and Sons,60,69,72,75,87,71,72.33
Cicily,k6208,creynerch@imgur.com,University of Maine (System),91,48,57,41,53,52,Mechanical Systems Engineer,unleash turn-key web services,57,"Labadie, Bahringer and Lindgren",47,74,84,62,45,79,65.17
Ludovika,l8755,lclitheroeci@wikispaces.com,DePauw University,57,90,45,74,42,80,Human Resources Assistant I,iterate compelling vortals,64.67,Effertz-Haag,52,93,99,97,64,48,75.5
Jens,j5068g,jcroalcj@dailymotion.com,Ecole Centrale de Lyon,61,45,64,58,68,53,Graphic Designer,recontextualize vertical applications,58.17,Legros and Sons,69,79,99,86,55,63,75.17
Dottie,d5439dw,dpirazzick@ucoz.ru,Wuhan Transportation University,61,69,71,94,50,72,Occupational Therapist,orchestrate plug-and-play deliverables,69.5,"Nitzsche, Schmitt and Feest",60,65,48,90,72,44,63.17
Rena,s0874Bd,rgreatrexcl@columbia.edu,Schiller International University,85,93,84,57,43,93,Statistician IV,redefine leading-edge relationships,75.83,Roberts-Paucek,41,42,88,95,80,66,68.67
Bianca,y0716,bdoucettecm@eventbrite.com,Nugaal University,98,90,70,40,80,62,Senior Developer,e-enable rich technologies,73.33,"Thompson, Johnston and Schaefer",45,61,40,52,43,48,48.17
Agatha,t5894k%?,aferrerascn@soup.io,Shihezi University ,52,51,42,51,77,46,Teacher,aggregate bricks-and-clicks functionalities,53.17,Green-Johnston,47,88,75,60,80,93,73.83
Baxter,w6587,blambleco@geocities.com,"University of Maine, Orono",99,88,60,86,65,81,Professor,iterate out-of-the-box deliverables,79.83,Purdy-Schumm,94,69,43,93,51,59,68.17
Prent,t9549I%,ppenticootcp@bing.com,Universidad Nacional de La Matanza,92,73,76,62,90,66,Systems Administrator IV,engage out-of-the-box partnerships,76.5,Weimann-Goyette,56,44,50,69,90,81,65
Kippar,w4779,kescottcq@adobe.com,Royal Danish School of Educational Sciences,84,60,86,79,45,91,Chemical Engineer,strategize B2C web-readiness,74.17,"Ritchie, O'Connell and Crona",89,66,50,92,62,40,66.5
Hynda,i0349,hearycr@google.co.uk,Massachusetts College of Art,64,70,58,44,70,60,Cost Accountant,aggregate B2B e-markets,61,Murazik Inc,53,61,45,48,67,96,61.67
Kara,g45228Bz,kbraggercs@blogtalkradio.com,Soran University,63,67,84,88,75,49,Office Assistant IV,aggregate real-time metrics,71,"Murphy, Hodkiewicz and Shanahan",65,50,98,63,59,88,70.5
Bettye,b7556UYo,bnootct@simplemachines.org,Landmark University,61,64,56,91,55,82,Geological Engineer,transition one-to-one mindshare,68.17,Dickens-Nienow,70,61,50,74,63,62,63.33
Kristal,t8324S,kmaccartcu@spiegel.de,European Management Center Paris,89,60,60,47,95,57,Civil Engineer,generate rich synergies,68,Bauch-Gutmann,81,84,43,75,93,49,70.83
Tasha,a2659,tjoviciccv@deliciousdays.com,Instituto Nacional de Matemática Pura e Aplicada - IMPA,72,84,91,80,48,62,Structural Engineer,seize distributed applications,72.83,"Weissnat, McDermott and Moore",48,80,94,86,57,56,70.17
Lucine,y3738,lsmallwoodcw@google.it,Kingston College,61,65,80,44,72,70,Senior Sales Associate,maximize revolutionary niches,65.33,Wisozk-Prohaska,46,75,85,98,82,99,80.83
Anthea,l9770@fm,aleacx@bluehost.com,Masinde Muliro University of Science and Technology,65,85,54,100,64,75,Senior Editor,benchmark best-of-breed methodologies,73.83,Labadie LLC,90,70,62,68,54,80,70.67
Heddi,r76902i,hgoodenoughcy@youtu.be,Illinois College of Optometry,84,89,58,74,69,91,Research Assistant III,harness plug-and-play technologies,77.5,"Wilderman, Mayert and Bruen",60,70,66,58,68,66,64.67
Clary,j20844>,cfrostdickecz@hostgator.com,"City University of New York, Lehman College",69,70,80,63,57,99,Assistant Professor,matrix B2C systems,73,"Harris, Reilly and Brakus",78,54,94,91,83,58,76.33
Raleigh,n5093`c#,rbrandrethd0@woothemes.com,Ecole Normale Supérieure de Paris,83,48,59,60,40,68,Account Coordinator,benchmark clicks-and-mortar action-items,59.67,Ryan and Sons,100,43,67,57,80,52,66.5
Joly,m6673s,jphorsbyd1@china.com.cn,Universitas Janabadra,74,70,71,94,76,91,Accounting Assistant III,engage ubiquitous infrastructures,79.33,"Towne, Kub and Boehm",42,81,46,61,88,46,60.67
Mirelle,a3900},mreisend2@deviantart.com,Universidad Autónoma de Aguascalientes,90,69,92,85,56,93,Administrative Assistant III,deploy mission-critical web services,80.83,Bernier Inc,98,99,70,44,92,95,83
Michel,h00005,mmckeighend3@squidoo.com,Hannam University,80,93,43,51,81,100,Business Systems Development Analyst,innovate web-enabled networks,74.67,Glover-Kuhlman,85,63,89,78,80,56,75.17
Judon,h6163+,jvillard4@dion.ne.jp,Lane College,49,41,69,65,67,90,Librarian,productize 24/7 channels,63.5,Kuhic Group,66,66,43,80,66,66,64.5
Valentine,g3646,vdouthwaited5@i2i.jp,Manhattan College,66,81,80,90,68,71,Speech Pathologist,matrix open-source synergies,76,White-Hackett,53,53,60,91,98,86,73.5
Trev,h4612,tgouded6@flickr.com,Université de Cocody,78,91,62,57,55,90,Software Consultant,incentivize extensible metrics,72.17,"Bergstrom, Oberbrunner and Barton",75,88,41,94,99,43,73.33
Paddie,k3167eJy,pparkynd7@google.fr,"Universidad de Puerto Rico, Carolina",84,43,69,51,51,80,Marketing Manager,transform B2B methodologies,63,Connelly LLC,74,47,71,58,69,65,64
Kare,e4821#,kennord8@typepad.com,Carthage College,67,94,99,70,91,99,Senior Cost Accountant,benchmark interactive functionalities,86.67,Lubowitz and Sons,45,47,70,48,100,57,61.17
Lucian,y0209b/,lsnard9@squidoo.com,Sylhet International University,91,80,91,86,43,41,Administrative Assistant II,streamline magnetic relationships,72,"Stroman, Goldner and Schowalter",65,43,55,61,73,56,58.83
Chip,h0802@4e,cunsworthda@wikimedia.org,John F. Kennedy University,41,56,100,40,62,66,Associate Professor,unleash cross-media networks,60.83,"Sauer, Wisozk and Corkery",46,95,76,72,44,77,68.33
Jocelin,q1529`r,jdjokovicdb@va.gov,Universidad Nacional Agraria de la Selva,56,97,81,83,74,95,Human Resources Assistant I,exploit 24/7 systems,81,"Rogahn, Hauck and Zboncak",89,64,51,73,52,74,67.17
Jerad,z9284,jjillinsdc@google.ru,Amravati University,42,61,50,75,57,96,Food Chemist,incentivize clicks-and-mortar e-commerce,63.5,Weber-Bernhard,53,52,93,78,56,92,70.67
Josh,l9055A,jdragondd@hatena.ne.jp,Technological University (Myeik),88,68,84,44,96,55,General Manager,aggregate revolutionary channels,72.5,"Hartmann, Mills and Huel",40,74,92,88,69,42,67.5
Tobiah,h7865a/J,tfransinellide@fotki.com,Escuela Politécnica Nacional,40,45,100,67,78,65,Structural Analysis Engineer,cultivate sexy solutions,65.83,Marquardt LLC,78,89,67,57,91,94,79.33
Sula,a4421YI/,slemmdf@dedecms.com,Universidad Autónoma de Aguascalientes,89,82,57,68,82,77,Automation Specialist IV,cultivate synergistic applications,75.83,Glover and Sons,45,89,45,73,91,77,70
Cyrille,m7685,cjacobovitzdg@cnet.com,Université Pierre et Marie Curie (Paris VI),94,70,75,92,68,79,Geological Engineer,target rich technologies,79.67,Hyatt and Sons,100,76,57,59,97,94,80.5
Marji,f76144,mmcgeaneydh@house.gov,Henderson State Univerisity,48,55,84,46,53,79,Programmer Analyst IV,redefine customized relationships,60.83,Schinner LLC,57,88,76,90,69,64,74
Ollie,"y3686,V#",osoaperdi@nih.gov,Academy of Economics in Cracow,98,65,41,42,80,90,Geologist III,engineer turn-key interfaces,69.33,Veum-Schoen,91,52,79,68,95,96,80.17
Gerhardine,v7502s,gcaudelldj@is.gd,Cleveland State University,42,63,56,88,53,45,Marketing Assistant,iterate plug-and-play metrics,57.83,"Conroy, Pfeffer and Ledner",42,90,64,41,60,80,62.83
Jone,c7793,jchisolmdk@networksolutions.com,Academy of Public Administration of Belarus,73,65,50,44,52,47,Software Engineer III,transform bleeding-edge infomediaries,55.17,Lynch-Rolfson,100,46,87,95,51,42,70.17
Wye,s5946,wwagstaffdl@zimbio.com,University of Advancing Technology (UAT),94,72,49,68,71,78,General Manager,evolve ubiquitous bandwidth,72,Schinner-Terry,72,58,78,95,63,82,74.67
Mair,m5660,mmacbeydm@yandex.ru,Tehran University of Teacher Training,42,96,51,98,66,77,Desktop Support Technician,exploit collaborative architectures,71.67,Kris LLC,76,80,74,59,57,52,66.33
Gale,b5273.,gcasementdn@vk.com,Universidad de Puerto Rico,43,77,88,98,66,100,General Manager,transition frictionless mindshare,78.67,Heller LLC,90,40,70,78,86,89,75.5
Caitlin,g5176*,cshyresdo@ibm.com,University of Northeastern Philippines,53,47,61,72,55,87,Statistician I,deploy next-generation functionalities,62.5,Jerde and Sons,87,49,100,78,89,71,79
Maximilian,i1762,mpieraccidp@4shared.com,Universitas Jambi,73,43,70,70,48,44,Senior Quality Engineer,maximize global e-tailers,58,Gottlieb Group,49,79,60,88,87,64,71.17
Jewelle,p3858,jscantleberrydq@hp.com,Tokai Women's College,88,97,60,74,82,82,Paralegal,incentivize bleeding-edge infrastructures,80.5,"Jakubowski, Bauch and Pfeffer",55,45,86,41,83,51,60.17
Orville,l7138h,ogregdr@webeden.co.uk,Ambrose Alli University,82,68,72,55,59,56,Budget/Accounting Analyst III,cultivate cutting-edge networks,65.33,"Stamm, Abshire and Christiansen",78,75,61,94,72,76,76
Madeline,m16672A',mskowcraftds@fc2.com,"Universidad Católica Boliviana, La Paz",60,74,74,71,91,74,Graphic Designer,enable mission-critical networks,74,Ziemann LLC,64,82,86,79,78,97,81
Hughie,f9539>bX,hinglefielddt@google.co.uk,Indiana University (System),43,61,43,73,59,51,Financial Analyst,recontextualize best-of-breed e-services,55,Sawayn-Mann,56,47,90,71,87,56,67.83
Roch,x6095,rlugdendu@cargocollective.com,University of Texas at El Paso,92,90,41,70,94,58,Environmental Specialist,redefine seamless markets,74.17,Nader and Sons,97,91,96,69,60,93,84.33
Gilli,k9145,gcicconettiidv@amazon.co.jp,University of Prince Edward Island,85,85,74,71,73,99,Software Engineer IV,transform innovative ROI,81.17,"Lesch, Oberbrunner and Abbott",73,75,86,85,42,89,75
